회사명,대표자명,공장대표주소,업종명,전화번호,팩스번호,종업원수,생산품,데이터 기준일자
 농업회사법인(주)대한농수산,정재동,경상남도 밀양시 삼랑진읍 삼랑진로 537-22,일반철물 제조업,,,11,"금속선반재, 받침대",2022-08-10
(주)SM,김기호,경상남도 밀양시 산외면 율전길 87-5,기타 가정용 전기기기 제조업,055-352-2128,055-353-9972,11,온수매트,2022-08-10
(주)거명산업,안석환,경상남도 밀양시 무안면 무안로 22-15,구조용 금속 판제품 및 공작물 제조업,055-355-7592,055-352-7956,4,스틸그레이팅,2022-08-10
(주)건기,김병철,경상남도 밀양시 부북면 춘화로 378 외 1필지,구조용 금속 판제품 및 공작물 제조업 외 5 종,055-351-2264,055-351-2265,22,"지붕자재(패널), 찬넬, 후레싱 외",2022-08-10
(주)건보산업,김재선,경상남도 밀양시 산내면 산내야촌길 96-48,플라스틱 창호 제조업,055-582-5858,051-582-5863,16,PVC창호,2022-08-10
(주)건화,오근화,경상남도 밀양시 초동면 초동농공단지길 24-10,"플라스틱 선, 봉, 관 및 호스 제조업 외 1 종",055-391-2750,055-391-2790,8,"상하수도관,이중벽하수관",2022-08-10
(주)경남테크,홍명표,경상남도 밀양시 상남면 조음로 108,배전반 및 전기 자동제어반 제조업,,053-352-5018,4,가로등 및 보안등 자동제어기,2022-08-10
(주)경일지엠씨,장명수,경상남도 밀양시 부북면 춘화농공단지길 12-30,자동차용 신품 동력전달장치 제조업 외 39 종,055-354-0558,055-354-0552,34,"자동차동력전달장치, 유압부품",2022-08-10
(주)고벨엠엔에스,전성환,경상남도 밀양시 초동면 초동농공단지길 52,기타 물품 취급장비 제조업,055-265-5545,055-265-5546,9,"크레인, 전기판넬,윈치,무구동레일",2022-08-10
(주)공간파크,이승일,경상남도 밀양시 삼랑진읍 율동리 197-16번지,구조용 금속 판제품 및 공작물 제조업 외 4 종,055-353-4722,055-353-4723,19,"야외운동기구, 차양, 목재판재,분사제",2022-08-10
(주)공신,서정곤,경상남도 밀양시 무안면 판곡길 35-90,항공기용 부품 제조업 외 2 종,,055-356-9948,9,"항공기용부품, 금형및목형틀, 이동식 조립주택",2022-08-10
(주)광명,박영기,경상남도 밀양시 상남면 상남로 935,플라스틱 필름 제조업 외 2 종,055-355-7575,055-355-7577,7,롤비닐 및 비닐봉투,2022-08-10
(주)구산,황창규,경상남도 밀양시 부북면 사포산단중앙로 57-13,그 외 자동차용 신품 부품 제조업,055-346-6455,055-346-6461,102,자동차 부품,2022-08-10
(주)구산2공장,황창규,경상남도 밀양시 부북면 사포산단중앙로 64,그 외 자동차용 신품 부품 제조업 외 1 종,055-346-6455,055-346-6461,50,자동차 부품,2022-08-10
(주)국제에이브이통신,장세웅,경상남도 밀양시 밀양대로 1865 (삼문동),기타 음향기기 제조업 외 1 종,055-356-5588,055-356-7788,4,"스피커, CCTV카메라",2022-08-10
(주)그린동화,진재윤,경상남도 밀양시 상남면 상남로 1040-7,기타 직물제품 제조업,055-354-0794,055-355-6301,7,황사마스크,2022-08-10
(주)그린식품,설용수,경상남도 밀양시 용두동길 27-5 (가곡동),두부 및 유사식품 제조업,055-353-1482,055-353-1483,4,두부,2022-08-10
(주)그린테크,채복희,경상남도 밀양시 산내면 산내로 720 외 6필지,"콘크리트 타일, 기와, 벽돌 및 블록 제조업 외 2 종",055-353-6088,055-353-6080,8,보도블럭,2022-08-10
(주)금강중공업,정성재,경상남도 밀양시 부북면 사포산단중앙로 21,그 외 기타 전기장비 제조업 외 1 종,055-356-0004,055-356-8152,16,"전기제어장치, 건설기계부품",2022-08-10
(주)금동강건,김수지,경상남도 밀양시 초동면 초동농공단지길 56,육상 금속 골조 구조재 제조업 외 4 종,055-391-1717,055-391-4600,11,도로안전용생산구조재,2022-08-10
(주)금호이엔지,권병수,"경상남도 밀양시 부북면 사포산단1길 90-24,  (주)금호이엔지",그 외 자동차용 신품 부품 제조업 외 7 종,055-354-3827,055-356-3827,20,자동차용 스프링 등,2022-08-10
(주)나노이텍스,박진성,경상남도 밀양시 부북면 춘화농공단지길 60,그 외 기타 전자부품 제조업 외 1 종,070-8863-0451,051-911-0460,0,몰드필름,2022-08-10
(주)나라산업,이양중,경상남도 밀양시 산내면 산내야촌길 96-48 외 5필지,기타 건축용 플라스틱 조립제품 제조업,055-351-4450,055-351-4453,14,PVC창호,2022-08-10
(주)낙원,김병국,경상남도 밀양시 부북면 사포산단1길 53,철도차량 부품 및 관련 장치물 제조업 외 4 종,055-287-8004,055-353-6631,38,철도차량부품 외,2022-08-10
(주)낙원티엔에이,김병국,경상남도 밀양시 부북면 사포산단1길 53,자동차 차체용 신품 부품 제조업 외 2 종,055-287-8004,055-353-6611,62,자동차부품,2022-08-10
(주)농업회사법인 팜월드,김무정,경상남도 밀양시 삼랑진읍 삼랑진로 465-8 외 5필지,기타 과실ㆍ채소 가공 및 저장 처리업 외 1 종,055-353-3452,055-353-3629,31,신선편의식품,2022-08-10
(주)누원 밀양지점,최승한,경상남도 밀양시 하남읍 하남로 129,건설 및 채광용 기계장비 제조업,,055-391-3237,0,특장차,2022-08-10
(주)눌천,안준석,경상남도 밀양시 상동면 상동로 828-6,육류 기타 가공 및 저장처리업 (가금류 제외),055-353-3712,055-353-3715,13,돈까스,2022-08-10
(주)니나노,오현석,경상남도 밀양시 산외면 산외강변로 347,"플라스틱 적층, 도포 및 기타 표면처리 제품 제조업 외 1 종",055-352-4741,055-352-4743,9,전자파 차단용품,2022-08-10
(주)대림테크,윤윤심,경상남도 밀양시 부북면 제대리 8번지,선박 구성 부분품 제조업,070-4322-5883,070-7500-5645,6,선박용 의장품,2022-08-10
(주)대성레미콘,김진재,경상남도 밀양시 부북면 사포로 65-1 외 5필지,레미콘 제조업,055-356-7900,055-356-7901,12,레미콘,2022-08-10
(주)대신산업,이용석,경상남도 밀양시 초동면 초동농공단지길 5 (총 2 필지) 외 1필지,폴리스티렌 발포 성형제품 제조업 외 1 종,055-391-6151,055-391-6156,24,스티로폴,2022-08-10
(주)대왕,박명규,경상남도 밀양시 초동면 범평로 132,"수산동물 훈제, 조리 및 유사 조제식품 제조업",055-391-2111,055-391-9977,21,조미식품,2022-08-10
(주)대우선재,김상훈,경상남도 밀양시 부북면 무안로 800 외 4필지,철강선 제조업,055-345-5657,070-7500-2120,5,"환봉, 코일",2022-08-10
(주)대일산업,김봉수,경상남도 밀양시 상남면 이연길 26,그 외 기타 플라스틱 제품 제조업,055-352-8789,055-353-5195,0,플라스틱 화분,2022-08-10
(주)대진,이종민,경상남도 밀양시 부북면 사포산단중앙로 27,차체 및 특장차 제조업,055-351-1800,055-351-1801,16,특장,2022-08-10
(주)대한테크,노문순,경상남도 밀양시 삼랑진읍 미율로 441,산업용 송풍기 및 배기장치 제조업,055-354-8138,055-354-3383,11,배기장치,2022-08-10
(주)더모모스,정세민,경상남도 밀양시 하남읍 양동농공단지길 10,포장용 플라스틱 성형용기 제조업,070-4848-0457,070-8255-5080,4,식품 포장용기,2022-08-10
(주)덕강금속,최은순,경상남도 밀양시 삼랑진읍 미전농공단지길 70,그 외 자동차용 신품 부품 제조업 외 3 종,055-386-0741,055-386-0740,14,자동차부품(자동차배관 등),2022-08-10
(주)도서출판 밀양,신인규,경상남도 밀양시 백민로 94 (내이동),경 인쇄업 외 1 종,055-355-9122,055-353-7122,4,인쇄물,2022-08-10
(주)도시,손영일,산외강변로 347 외 1필지,육상 금속 골조 구조재 제조업 외 6 종,,055-351-2232,7,"도로 및 교량 난간, 맨홀뚜껑 등",2022-08-10
(주)도시알엔비,노연주,"경상남도 밀양시 산외면 산외강변로 347, 나동호",육상 금속 골조 구조재 제조업 외 6 종,055-351-2282,055-351-2283,2,"디자인형울타리, 교량난간, 방음판, 방음벽, 차선분리대",2022-08-10
(주)도현산업,정경란,경상남도 밀양시 추화산성길 34-5 (교동),"금속 문, 창, 셔터 및 관련제품 제조업 외 2 종",055-354-4540,055-354-4596,4,"스텐창호, 안전난간, 금속울타리, 옥외용벤치",2022-08-10
(주)도화,박소윤,경상남도 밀양시 상남면 하남로 471,타일 및 유사 비내화 요업제품 제조업,,051-959-0277,3,세라믹 벽화타일,2022-08-10
(주)동서금속,정상은,경상남도 밀양시 부북면 사포산단중앙로 57-8,자동차 엔진용 신품 부품 제조업 외 2 종,055-391-7788,055-391-7790,85,자동차엔진및차체용부품,2022-08-10
(주)동서디앤씨,허진영,경상남도 밀양시 부북면 사포산단중앙로 114,트레일러 및 세미트레일러 제조업,053-593-4406,053-593-4408,25,튜브트레일러 및 수소탱크,2022-08-10
(주)동신지관,이장호,경상남도 밀양시 하남읍 성만남전로 194-7 (총 2 필지) 외 1필지,판지 상자 및 용기 제조업,055-391-4412,055-391-4404,25,지관,2022-08-10
(주)동영이엔지,안익대,경상남도 밀양시 삼랑진읍 미전농공단지길 29,"증류기, 열교환기 및 가스발생기 제조업 외 9 종",055-351-0789,055-351-0784,9,"열교환기,저장탱크,자동차부품",2022-08-10
(주)동진산업,손무웅,경상남도 밀양시 부북면 사포공단2길 26,간판 및 광고물 제조업 외 6 종,055-354-2714,055-354-2715,8,"간판,광고물, 휀스, 알루미늄제 난간, 금속구조물, 교통표시판, 차선분리대 등",2022-08-10
(주)드림피아,최규진,경상남도 밀양시 초동면 성만남전로 155,표면처리 및 적층 직물 제조업,055-391-7770,055-391-7776,9,"T/C원단,열전사",2022-08-10
(주)디에스아이,석상기,경상남도 밀양시 부북면 춘화농공단지길 12-42,그 외 기타 분류 안된 금속 가공 제품 제조업,,055-802-7378,0,PHC 파일 두부보강캡,2022-08-10
(주)디에스에이,김주성,경상남도 밀양시 부북면 춘화리 844번지,그 외 자동차용 신품 부품 제조업 외 3 종,055-336-9905,055-716-2305,18,자동차부품,2022-08-10
(주)디에스원,임춘우,경상남도 밀양시 부북면 춘화농공단지길 12-42,그 외 기타 일반목적용 기계 제조업 외 2 종,055-802-7377,051-832-6632,10,산업용 전기 보일러,2022-08-10
(주)디엔,조숙희,경상남도 밀양시 부북면 춘화리 858번지,그 외 자동차용 신품 부품 제조업,055-352-4460,055-352-4462,24,자동차 내장재,2022-08-10
(주)디와이산업,최정태,경상남도 밀양시 초동면 초동농공단지길 23-26,콘크리트 관 및 기타 구조용 콘크리트 제품 제조업,055-391-5750,055-391-5751,6,콘크리트 호안 옹벽블륵,2022-08-10
(주)디자인남영,손승웅,경상남도 밀양시 산외면 죽남길 4,구조용 금속 판제품 및 공작물 제조업 외 4 종,,055-356-2906,6,"금속재울타리, 목재판재, 운동시설물, 벤치",2022-08-10
(주)락희스틸,신선원,경상남도 밀양시 초동면 초동농공단지길 69,육상 금속 골조 구조재 제조업 외 1 종,031-881-2020,031-881-2017,0,철근가공품,2022-08-10
(주)리하온,황재윤,경상남도 밀양시 삼랑진읍 만어로 305 외 4필지,그 외 자동차용 신품 부품 제조업 외 3 종,055-351-3842,055-351-3846,87,"스프링, 클립",2022-08-10
(주)만세특장,임재춘,경상남도 밀양시 부북면 사포공단2길 8,차체 및 특장차 제조업 외 2 종,055-351-2160,055-351-2162,14,차량용 특장차,2022-08-10
(주)명가,최기준,경상남도 밀양시 하남읍 성만남전로 468-11,육류 기타 가공 및 저장처리업 (가금류 제외),055-391-6644,055-391-7793,16,돼지감자탕,2022-08-10
(주)미들찬농업회사법인,김창성,경상남도 밀양시 하남읍 백산로 152 외 1필지,차류 가공업 외 1 종,,055-391-3961,9,가공 농산물,2022-08-10
(주)미래팩,이옥수,"경상남도 밀양시 산외면 남기동길 145, (남기리 686-3)",직물포대 제조업,055-324-8511,055-324-8513,24,포장용 PP-Bag,2022-08-10
(주)미부기술,김광진,경상남도 밀양시 삼랑진읍 미율로 114-11,비내화 모르타르 제조업,055-351-0391,055-351-0392,9,선박구성부분품,2022-08-10
(주)밀양본차이나,김보성,경상남도 밀양시 용두동길 2 (가곡동) (총 4 필지) 외 3필지,가정용 및 장식용 도자기 제조업,055-356-7860,055-356-7861,39,가정용도자기,2022-08-10
(주)밀양커피윌,김미향,경상남도 밀양시 산외면 산외로 672-19,커피 가공업,,055-355-9947,2,"원두커피, 드립백커피",2022-08-10
(주)밀양한천,오정훈,경상남도 밀양시 산내면 봉의로 58-31 외 1필지,수산식물 가공 및 저장 처리업,055-352-0544,055-352-0548,79,"분말.실 한천, 양갱 등",2022-08-10
(주)바이오콤,임수복,경상남도 밀양시 초동면 검암리 101번지,기타 기초 무기 화학물질 제조업,055-391-5820,055-391-5823,4,부산물 비료,2022-08-10
(주)보림콘텍,전영선,경상남도 밀양시 초동면 초동농공단지길 12,레미콘 제조업 외 1 종,055-391-7101,055-391-1158,6,레미콘,2022-08-10
(주)보연엔지니어링,정용식,경상남도 밀양시 삼랑진읍 용전1길 8 외 1필지,선박 구성 부분품 제조업 외 2 종,055-355-6890,055-355-6892,14,"선박내장제구성부품, 성형기",2022-08-10
(주)부경레미콘,이중환,경상남도 밀양시 하남읍 양명길 108,레미콘 제조업,055-391-0822,055-391-0826,22,레디믹스터콘크리트,2022-08-10
(주)부양소재,"정상수,기근숙",경상남도 밀양시 초동면 검암1길 3,그 외 기타 플라스틱 제품 제조업 외 2 종,055-342-5251,,14,차량천정재용 복합 sheet,2022-08-10
(주)부일,백종화,"경상남도 밀양시 삼랑진읍 미전농공단지길 33, (주)부일",그 외 자동차용 신품 부품 제조업 외 3 종,055-343-0683,055-343-0685,0,기타 자동차 부품,2022-08-10
(주)비앤비컴퍼지트,임경연,,주형 및 금형 제조업 외 2 종,055-338-8903,055-339-8902,9,"FRP 목형, 버스 부분품,  철도차량 부분품",2022-08-10
(주)비에스태평,박대웅,경상남도 밀양시 부북면 춘화로 346,일반 제재업 외 1 종,055-351-1198,055-354-9661,3,"각재, 표면가공목재",2022-08-10
(주)비에스피티아이,김현선,경상남도 밀양시 삼랑진읍 미전농공단지길 18,자동차 차체용 신품 부품 제조업 외 7 종,055-338-8557,055-338-8558,25,자동차 및 가전 플라스틱 부품,2022-08-10
(주)비엑스밸브,김중연,경상남도 밀양시 상남면 이연길 32,유압기기 제조업,,,18,밸브류,2022-08-10
(주)삼부금속,최정문,경상남도 밀양시 삼랑진읍 용전산업단지길 278-11,그 외 기타 분류 안된 금속 가공 제품 제조업 외 2 종,055-802-7700,055-802-7772,30,"단조, 금속 및 비철 선박구성부분품",2022-08-10
(주)삼성산업 밀양공장,허규판,경상남도 밀양시 초동면 초동농공단지길 12 외 2필지,콘크리트 관 및 기타 구조용 콘크리트 제품 제조업 외 2 종,055-391-7101,055-391-1158,4,"콘크리트 침목, 레미콘",2022-08-10
(주)삼성팩,장정환,경상남도 밀양시 산내면 산내로 794 외 4필지,골판지 제조업 외 1 종,,,0,골판지박스,2022-08-10
(주)삼양내화,엄임현,경상남도 밀양시 상동면 상동로 1148,정형 내화 요업제품 제조업 외 1 종,055-391-7876,055-351-3933,5,내화캐스타블몰탈,2022-08-10
(주)삼양스틸(지점),정성학,경상남도 밀양시 하남읍 양동농공단지길 51,그 외 기타 금속가공업,055-391-6633,055-391-6312,63,메탈라미네이션강판,2022-08-10
(주)삼지프린테크,김남훈,경상남도 밀양시 산외면 남기동길 159,그 외 기타 종이 및 판지 제품 제조업,055-354-2135,055-354-2131,16,"종이컵,아이스크림 용기 등",2022-08-10
(주)상보전력,박경원,경상남도 밀양시 상남면 상남로 1088-13,배전반 및 전기 자동제어반 제조업,055-391-0862,055-391-0864,5,PLC(프로그램 내장 컨트롤러)제조,2022-08-10
(주)상익기공,선홍균,경상남도 밀양시 하남읍 양동농공단지길 22,주형 및 금형 제조업 외 1 종,055-391-7361,055-391-7365,28,자동차 금형제품(코아빈),2022-08-10
(주)새한그라스테크,김혁환,경상남도 밀양시 산외면 산외강변로 263 외 3필지,안전유리 제조업 외 1 종,055-353-0901,055-352-6552,26,접합.강화유리,2022-08-10
(주)서울세라텍,전성수,경상남도 밀양시 하남읍 대사길 48-22 외 2필지,타일 및 유사 비내화 요업제품 제조업,055-343-5111,055-391-1703,18,타일,2022-08-10
(주)서일특수목재,강종섭,경상남도 밀양시 삼랑진읍 사기점길 33 외 6필지,일반 제재업 외 3 종,055-716-0388,055-716-0389,13,"특수목재, 각재, 방부처리목재, 조경재",2022-08-10
(주)선인,이효구,경상남도 밀양시 초동면 초동농공단지길 23-22 외 1필지,그 외 기타 식료품 제조업 외 3 종,055-391-7570,055-391-7573,74,식물성크림,2022-08-10
(주)성경티에스,윤보현,경상남도 밀양시 산외면 다죽리 1199-11번지 외 1필지,안전유리 제조업 외 1 종,055-353-6667,055-353-6657,28,복층유리,2022-08-10
(주)성미,"손완희, 윤태규",경상남도 밀양시 삼랑진읍 용전산업단지길 311,선박 구성 부분품 제조업,055-329-1117,055-901-0397,183,조선기자재,2022-08-10
(주)성진기계,최재규,경상남도 밀양시 초동면 초동농공단지길 39-56 외 2필지,기어 및 동력전달장치 제조업 외 5 종,055-391-7927,055-391-7929,48,"베어링,동력전달장치",2022-08-10
(주)성진기계 4공장,최재규,경상남도 밀양시 초동면 초동농공단지길 64,자동차용 신품 동력전달장치 제조업,055-391-7927,055-391-7929,15,허브베어링,2022-08-10
(주)성진엘비,조성규,경상남도 밀양시 삼랑진읍 검세길 68-3,일반 제재업,055-353-8002,,1,목재,2022-08-10
(주)성진화학,최숙이,경상남도 밀양시 부북면 사포산단중앙로 88-16,그 외 자동차용 신품 부품 제조업 외 3 종,055-322-6821,050-5300-6821,71,자동차 프라스틱부품,2022-08-10
(주)성진화학2공장,최숙이,경상남도 밀양시 부북면 사포산단중앙로 88-21,그 외 자동차용 신품 부품 제조업 외 3 종,055-322-6821,0505-300-6821,16,전기차배터리케이스,2022-08-10
(주)세림,양화용,경상남도 밀양시 하남읍 양명길 118-18 외 1필지,육상 금속 골조 구조재 제조업 외 2 종,055-391-0900,055-391-0910,11,"철구조물,도장품",2022-08-10
(주)세림인더스트리,최의택,경상남도 밀양시 산내면 산내로 656 외 4필지,자동차 차체용 신품 부품 제조업 외 1 종,,,75,자동차차체용 부품,2022-08-10
(주)세림인더스트리,황광원,경상남도 밀양시 부북면 사포산단중앙로 43,자동차 차체용 신품 부품 제조업 외 1 종,055-352-6831,050-5300-6831,139,자동차프레스부품(플라스틱),2022-08-10
(주)세은,하정태,경상남도 밀양시 하남읍 양동농공단지길 65-4,특수 직물 및 기타 직물 직조업,055-391-0379,055-391-1262,0,특수직물및기타직물직조업,2022-08-10
(주)센트랄모텍,"이종철,강태룡",경상남도 밀양시 초동면 초동농공단지길 24-16 외 1필지,금속 단조제품 제조업,052-290-1300,070-4275-1562,22,자동차부품(암류),2022-08-10
(주)수도중공업,안은삼,경상남도 밀양시 부북면 사포산단중앙로 21,건설 및 채광용 기계장비 제조업 외 4 종,055-356-0004,055-356-8151,11,"굴산기, 쇄석기, 전기식 건설기계 등 ",2022-08-10
(주)스마일테크,지정옥,경상남도 밀양시 초동면 초동로 88,기타 구조용 금속제품 제조업,055-391-2244,055-391-3353,0,조립식 컨테이너,2022-08-10
(주)스핀들코리아,김호경,경상남도 밀양시 삼랑진읍 용전산업단지길 196,그 외 기타 일반목적용 기계 제조업 외 1 종,055-329-4802,055-329-4810,9,용접공구,2022-08-10
(주)승진그린텍,양성완,경상남도 밀양시 초동면 금포안길 100 외 3필지,복합비료 및 기타 화학비료 제조업 외 1 종,055-391-2687,055-391-7001,24,"부산물 퇴비,부숙톱밥",2022-08-10
(주)신세계건설,허영호,경상남도 밀양시 상남면 조음로 34-6 (총 5 필지) 외 4필지,일반철물 제조업,055-351-1422,,2,파이프 비닐온실 부품,2022-08-10
(주)신창지앤윈,성창일,경상남도 밀양시 산외면 남기동길 175 외 2필지,안전유리 제조업 외 1 종,055-355-6713,055-355-6717,21,복층유리,2022-08-10
(주)신풍에스엔피,유용현,경상남도 밀양시 부북면 사포산단중앙로 88-15,도장 및 기타 피막처리업,055-355-5590,055-356-0554,0,금속가공제품,2022-08-10
(주)신행리버텍,정영화,경상남도 밀양시 무안면 사명대사생가로 114 외 2필지,기타 건축용 나무제품 제조업 외 3 종,055-355-8555,055-352-8587,5,방음판넬,2022-08-10
(주)쓰리에스엠케이,감병서,경상남도 밀양시 부북면 춘화농공단지길 60,그 외 기타 전자부품 제조업 외 1 종,055-356-8306,,18,몰드필름,2022-08-10
(주)씨에이메탈,전진우,경상남도 밀양시 하남읍 양동농공단지길 57-20,"알루미늄 제련, 정련 및 합금 제조업",055-391-3710,055-391-6262,12, 알루미늄탈산제,2022-08-10
(주)아사히시스템,정광호,경상남도 밀양시 부북면 사포산단중앙로 131,자동차 차체용 신품 부품 제조업,043-731-7320,043-733-7323,8,특장차용 AL게이트,2022-08-10
(주)아산-밀양지점,"김예경, 조순제",경상남도 밀양시 부북면 사포로 565 외 1필지,자동차 차체용 신품 부품 제조업 외 1 종,031-999-5100,031-989-2200,50,자동차 부품,2022-08-10
(주)안산산업,김병곤,경상남도 밀양시 삼랑진읍 용전산업단지길 67,"알루미늄 제련, 정련 및 합금 제조업",055-547-6213,055-547-6211,19,알루미늄 괴,2022-08-10
(주)알멕코리아,백종명,경상남도 밀양시 부북면 사포산단중앙로 130 외 2필지,자동차 차체용 신품 부품 제조업 외 1 종,055-802-7030,055-733-3329,13,"전기차 배터리 케이스, 알루미늄 압출형재",2022-08-10
(주)알엠시스,김도영,경상남도 밀양시 부북면 사포산단중앙로 37,기타 구조용 금속제품 제조업 외 1 종,055-352-8110,055-352-8123,6,"자동차용카페트, 자동차용머플러부품",2022-08-10
(주)알엠케이,나한성,경상남도 밀양시 부북면 춘화농공단지길 25,"탭, 밸브 및 유사장치 제조업",055-353-5827,055-354-5829,0,"동파이프,밸브류",2022-08-10
(주)앞선,김진경,경상남도 밀양시 부북면 춘화농공단지길 44,기체 여과기 제조업 외 1 종,055-353-2101,055-353-2102,11,대기및수질오염방지기기,2022-08-10
(주)억새누리,신금수,경상남도 밀양시 무안면 신연로 642-7,침구 및 관련제품 제조업 외 1 종,055-353-7343,055-353-1701,3,"억새베개, 억새제품",2022-08-10
(주)에스에스아이씨,손현직,"경상남도 밀양시 하남읍 양동농공단지길 57-12, (양동리 174-4)",기타 가공 공작기계 제조업,055-802-7889,055-391-6980,2,"방산부품, 공자기계부품",2022-08-10
(주)에스엠디 사포지점,정주희,경상남도 밀양시 부북면 사포공단2길 26,구조용 금속 판제품 및 공작물 제조업 외 1 종,055-354-2714,055-354-2715,1,"스텐리스 휀스 외, 차선분리대",2022-08-10
(주)에스엠시스텍,이영수,"경상남도 밀양시 산내면 임고정2길 24, 나동",주방용 및 음식점용 목재가구 제조업,032-588-1611,070-8659-1328,11,"주방가구, 일반가구",2022-08-10
(주)에스엠티,이정원,경상남도 밀양시 초동면 초동농공단지길 39-32 외 1필지,분사기 및 소화기 제조업 외 1 종,055-391-0945,070-8668-1009,12,"투척식 소화기, 자동차부품",2022-08-10
(주)에스제이,신선해,경상남도 밀양시 하남읍 양동농공단지길 64 (총 2 필지) 외 1필지,그 외 기타 금속가공업,055-391-4694,055-391-4279,25,철구조물,2022-08-10
(주)에스제이기업,임문성,경상남도 밀양시 삼랑진읍 미율로 47 외 3필지,육상 금속 골조 구조재 제조업 외 1 종,055-353-3813,055-353-3819,25,케이블 트레이,2022-08-10
(주)에스피,반수하,경상남도 밀양시 부북면 송포로 32-7,"1차 유리제품, 유리섬유 및 광학용 유리 제조업 외 4 종",055-353-7467,055-352-7656,10,화이바 그라스 디스크,2022-08-10
(주)에이디에스레일,윤예선,경상남도 밀양시 상남면 상남로 693 (라동) 외 1필지,철도차량 부품 및 관련 장치물 제조업,055-802-1000,055-802-1017,50,철도차량부품,2022-08-10
(주)에이비엠 밀양지점,한기영,경상남도 밀양시 부북면 춘화로 378,그 외 기타 금속가공업 외 8 종,051-759-8632,051-746-4027,14,"지붕자재, 조명장치",2022-08-10
(주)에이치에스아쿠아피드,"홍병호,홍기호",경상남도 밀양시 초동면 초동농공단지길 55-38,배합 사료 제조업 외 3 종,055-391-7270,055-391-6171,14,유기성 폐기물 사료화기계 유기성 배합사료,2022-08-10
(주)에코일일구,이승일,경상남도 밀양시 청도면 청도로 156-45,공기 조화장치 제조업,,051-805-7119,1,공기조화장치,2022-08-10
(주)엔바이오컨스,이동완,경상남도 밀양시 부북면 사포산단1길 115-26,그 외 기타 특수목적용 기계 제조업 외 1 종,02-3151-9811,02-3151-9838,0,건조기 및 기타 부대시설,2022-08-10
(주)엔비지,문두성,경상남도 밀양시 부북면 사포산단1길 35,그 외 기타 금속가공업 외 1 종,055-353-3380,055-353-3277,95,강구 및 테이퍼롤러,2022-08-10
(주)엘케이,강홍수,경상남도 밀양시 삼랑진읍 검세리 538-18번지,"플라스틱 선, 봉, 관 및 호스 제조업 외 1 종",,055-353-1372,7,"GRP맨홀, 교량용 집수구, FRP 사다리",2022-08-10
(주)영남프린테크,조덕선,경상남도 밀양시 삼랑진읍 미율로 408,경 인쇄업 외 2 종,055-351-0090,055-351-0086,30,"신문, 잡지, 홍보물",2022-08-10
(주)영남플륨,정재홍,경상남도 밀양시 초동면 초동농공단지길 23-17 (총 2 필지),콘크리트 관 및 기타 구조용 콘크리트 제품 제조업 외 1 종,055-391-5750,055-391-5751,9,수로관,2022-08-10
(주)영원어망,노동한,경상남도 밀양시 상남면 상남로 1118-9,합성섬유 제조업,055-355-7755,055-354-8728,11,어망사제조업,2022-08-10
(주)영해에프디,김태수,경상남도 밀양시 삼랑진읍 청룡1길 66,천연 및 혼합조제 조미료 제조업,,055-362-1932,1,매운탕 양념,2022-08-10
(주)예솔,한인열,경상남도 밀양시 무안면 무안로 367 외 5필지,동물성 유지 제조업,055-346-4020,055-346-3455,5,동물성 유지,2022-08-10
(주)오륙,권태형,경상남도 밀양시 삼랑진읍 미율로 144-5 외 1필지,"플라스틱 선, 봉, 관 및 호스 제조업 외 1 종",055-352-5604,055-352-5605,37,"플라스틱압출품, DR SIDE류",2022-08-10
(주)옵스,황철군,경상남도 밀양시 상남면 대성2길 13 외 1필지,기타 식품 첨가물 제조업,,055-355-1786,4,믹스 커피 등,2022-08-10
(주)와이엠,김용문,경상남도 밀양시 부북면 사포산단1길 90-10,자동차용 신품 동력전달장치 제조업 외 1 종,055-391-6840,,0,자동차 동력전달장치,2022-08-10
(주)우주,배종수,경상남도 밀양시 산외면 산외강변로 281 외 2필지,안전유리 제조업 외 1 종,055-343-6204,055-343-6206,18,복층유리,2022-08-10
(주)우주산업,이인태,경상남도 밀양시 부북면 사포로 123 외 1필지,그 외 자동차용 신품 부품 제조업 외 3 종,055-354-2300,055-353-5770,16,자동차부품,2022-08-10
(주)우주스틸,윤정갑,경상남도 밀양시 삼랑진읍 미전농공단지길 82,그 외 자동차용 신품 부품 제조업 외 7 종,055-716-0177,055-716-0188,26,"자동차부품,기타금속가공품",2022-08-10
(주)우진,전광명,경상남도 밀양시 하남읍 양동농공단지길 21,금속탱크 및 저장용기 제조업 외 1 종,055-714-1999,055-391-3177,18,"탱크내부 보온,보온링",2022-08-10
(주)울산콘크리트,박용숙,경상남도 밀양시 초동면 초동농공단지길 23-26,콘크리트 관 및 기타 구조용 콘크리트 제품 제조업,052-254-7204,055-354-2715,7,콘크리트 블럭,2022-08-10
(주)원일특강,신용문,경상남도 밀양시 하남읍 파서중앙길 34 외 28필지,주형 및 금형 제조업,055-391-5500,031-434-8500,50,주형 및 금형,2022-08-10
(주)유아,최원복,경상남도 밀양시 삼랑진읍 용전산업단지길 245,육상 금속 골조 구조재 제조업 외 1 종,055-353-5900,055-353-5903,40,H빔,2022-08-10
(주)유진,임경남,경상남도 밀양시 상남면 상남로 826 외 1필지,모 방적업,055-355-4555,055-355-5313,3,방모사 제조,2022-08-10
(주)은진텔레콤(지점),송종섭,경상남도 밀양시 하남읍 양명길 83,육상 금속 골조 구조재 제조업,055-331-0550,055-331-5665,4,통신공사 관련 강구조물,2022-08-10
(주)은혜식품,조혜경,경상남도 밀양시 상남면 예평로 15,기타 과실ㆍ채소 가공 및 저장 처리업 외 1 종,055-354-3118,055-355-2344,3,통조림 제조,2022-08-10
(주)이알,박성재,경상남도 밀양시 부북면 사포산단1길 140,"금속 문, 창, 셔터 및 관련제품 제조업 외 2 종",055-802-8586,055-802-8587,36,"자동화 설비, 금속창호",2022-08-10
(주)이엔에프,우영기,경상남도 밀양시 하남읍 양명길 62-24 외 2필지,금속류 해체 및 선별업 외 3 종,055-391-6500,055-391-5660,13,재생골재,2022-08-10
(주)자양모방,강은철,경상남도 밀양시 하남읍 양동농공단지길 61,모 방적업,055-391-6744,055-391-6740,7,방모사,2022-08-10
(주)정암지앤더블유,손홍희,경상남도 밀양시 부북면 춘화농공단지길 12-16,안전유리 제조업 외 1 종,055-353-1661,050-5330-1221,38,강화유리,2022-08-10
(주)정우개발,"조기영,박용기",경상남도 밀양시 부북면 사포공단1길 25-22 (총 4 필지) 외 3필지,비금속류 해체 및 선별업 외 1 종,055-352-9595,055-351-3010,17,재생골재,2022-08-10
(주)제로그라인딩,박용운,경상남도 밀양시 산내면 가인3길 7-6,그 외 기타 금속가공업,055-351-4998,055-351-4990,4,절삭공구,2022-08-10
(주)제이엘티,심익선,경상남도 밀양시 삼랑진읍 미율로 410,일반철물 제조업,055-353-5672,,26,철사 옷걸이,2022-08-10
(주)제이텍(지점),박종찬,경상남도 밀양시 부북면 사포산단중앙로 80 외 1필지,주방용 전기기기 제조업,055-384-9400,055-384-9473,58,선박용 주방전기기기,2022-08-10
(주)제일스테피아,오왕근,경상남도 밀양시 하남읍 양동농공단지길 34,금속선 가공제품 제조업 외 1 종,055-391-1357,055-391-1359,0,스테플,2022-08-10
(주)제일지대,김이규,경상남도 밀양시 상남면 이연1길 7,종이 포대 및 가방 제조업,055-354-3008,055-355-3008,37,"종이가방,곡물포대",2022-08-10
(주)젬코프레이션제2공장,홍병호,경상남도 밀양시 초동면 초동농공단지길 23-32,동물성 유지 제조업 외 5 종,055-391-7270,,0,공업용(사료용)유지,2022-08-10
(주)젬코프레이션지점,홍병호,경상남도 밀양시 초동면 초동농공단지길 55-38,배합 사료 제조업 외 1 종,055-391-7270,055-391-6171,1,배합사료(양어사료),2022-08-10
(주)지더블유산업,박인흠,경상남도 밀양시 부북면 무연1길 79-53,플라스틱 필름 제조업 외 1 종,055-354-2112,055-354-2113,15,자동차내장제(카페트 등),2022-08-10
(주)지성,하진수,경상남도 밀양시 삼랑진읍 단장로 218-17,액체 펌프 제조업,055-354-9800,055-354-9803,7,펌프,2022-08-10
(주)지엘바이오,임정식,경상남도 밀양시 부북면 송포로 191-11,배합 사료 제조업 외 6 종,055-355-0329,055-355-0329,5,"보조사료, 토양미생물제재, 발효기, 발효장치",2022-08-10
(주)진성이앤지,정은수,경상남도 밀양시 하남읍 양동농공단지길 58,"플라스틱 적층, 도포 및 기타 표면처리 제품 제조업 외 1 종",055-263-1070,055-262-8700,30,가전부품,2022-08-10
(주)진일벤드 밀양2공장,류재수,경상남도 밀양시 삼랑진읍 삼랑진로 465-38,기타 1차 비철금속 제조업,055-351-4820,051-715-0821,8,관이음쇠,2022-08-10
(주)찬우,손영준,경상남도 밀양시 산외면 화동강길 65 외 11필지,레미콘 제조업,055-355-6969,055-355-5973,17,레미콘,2022-08-10
(주)찬우,손영준,경상남도 밀양시 부북면 무연리 556-1번지,그 외 기타 분류 안된 비금속 광물제품 제조업 외 4 종,055-355-6969,055-355-5973,19,DCM전용 고화제,2022-08-10
(주)찬우아스콘,손희권,경상남도 밀양시 산외면 산외강변로 29 (총 2 필지) 외 1필지,아스팔트 콘크리트 및 혼합제품 제조업,055-355-6969,055-355-5973,5,"아스콘, 순환아스팔트콘크리트",2022-08-10
(주)창신산업,최창형,경상남도 밀양시 삼랑진읍 미율로 394-23 외 3필지,선박 구성 부분품 제조업,,,5,금속가공,2022-08-10
(주)케이비정공,오영식,경상남도 밀양시 부북면 사포산단중앙로 131,자동차 차체용 신품 부품 제조업,055-351-0233,,4,차량용 부속품,2022-08-10
(주)케이에스이피,안홍길,경상남도 밀양시 삼랑진읍 미전리 309번지 외 1필지,그 외 자동차용 신품 부품 제조업 외 4 종,055-351-0527,055-351-0526,81,실린더용정밀강판,2022-08-10
(주)케이에스이피,안홍길,경상남도 밀양시 삼랑진읍 미전농공단지길 75,그 외 자동차용 신품 부품 제조업 외 4 종,055-351-0527,055-351-0526,81,강관가공품,2022-08-10
(주)케이에스이피,안홍길,경상남도 밀양시 부북면 춘화농공단지길 40 외 1필지,유압기기 제조업 외 3 종,055-351-0527,,7,"정밀강관, 자동차부품, 기계및중장비부품",2022-08-10
(주)케이에스지기술환경,김종현,경상남도 밀양시 삼랑진읍 미전농공단지길 100,선박 구성 부분품 제조업,055-359-4646,055-351-4640,21,"도장부스, 환경설비",2022-08-10
(주)코나,박재경,경상남도 밀양시 부북면 사포산단1길 90-42,그 외 기타 전자부품 제조업 외 2 종,,055-351-2557,0,스테인레스 선재,2022-08-10
(주)키랜드디앤씨,유한세,경상남도 밀양시 부북면 사포공단1길 42-1,유기질 비료 및 상토 제조업 외 3 종,,070-7469-2001,6,"친환경비료, 가축사료첨가제",2022-08-10
(주)태광뉴텍 밀양공장,신진문,경상남도 밀양시 초동면 초동농공단지길 39-4,플라스틱 필름 제조업 외 1 종,055-391-6041,055-391-6008,3,플라스틱필름제조업,2022-08-10
(주)태림,권일진,경상남도 밀양시 상남면 상남로 693 (라동) 외 23필지,"1차 유리제품, 유리섬유 및 광학용 유리 제조업 외 4 종",055-355-0081,055-353-4924,12,"철도차량내장재,상하수도용유리섬유복합관",2022-08-10
(주)태승뷰티산업,하영우,경상남도 밀양시 부북면 사포공단1길 7-3 외 3필지,"치약, 비누 및 기타 세제 제조업 외 1 종",055-353-2231,055-353-2298,9,"화장비누, 샴푸, 린스, 로션, 스킨 등",2022-08-10
(주)태원기전,배근한,경상남도 밀양시 초동면 초동농공단지길 23-9,기타 전기 변환장치 제조업 외 14 종,055-391-7671,055-391-7670,3,엘리베이트부품,2022-08-10
(주)프라임오앤에프,김인,경상남도 밀양시 무안면 가복4길 132,배합 사료 제조업 외 1 종,055-927-1166,055-927-1155,9,사료,2022-08-10
(주)플라젠,손진호,경상남도 밀양시 하남읍 양동농공단지길 4 외 1필지,플라스틱 필름 제조업 외 1 종,055-391-0389,055-391-0388,58,아크릴수지판,2022-08-10
(주)하광,이봉두,경상남도 밀양시 부북면 사포공단1길 42-1 외 2필지,일반 제재업 외 5 종,055-352-8270,055-356-8260,6,"천연목재, 디자인형울타리, 합성목재, 식생매트",2022-08-10
(주)한국선박기술,오동섭,경상남도 밀양시 삼랑진읍 용전산업단지길 293,선박 구성 부분품 제조업 외 2 종,055-355-1350,055-355-1356,70,"조선기자재, 배관재",2022-08-10
(주)한국선박기술,오동섭,경상남도 밀양시 무안면 무안서로 99-28,선박 구성 부분품 제조업 외 2 종,055-356-1360,055-356-1361,9,조선기자재,2022-08-10
(주)한국신소재,이명화,경상남도 밀양시 부북면 춘화로 85,"1차 유리제품, 유리섬유 및 광학용 유리 제조업",055-355-0081,055-353-0088,176,유리섬유 및 광학용유지제조업,2022-08-10
(주)한국신소재,이명화,경상남도 밀양시 초동면 신연로 262,그 외 기타 분류 안된 비금속 광물제품 제조업,055-350-8421,055-355-0088,10,"연마제(ZERO D#3, #6)",2022-08-10
(주)한국엔지니어링,장성호,경상남도 밀양시 하남읍 파내2길 8-7 외 3필지,내연기관 제조업,055-391-0246,055-391-0256,26,선박엔진부품,2022-08-10
(주)한국카본,"조문수, 이명화",경상남도 밀양시 부북면 춘화로 85 외 9필지,"1차 유리제품, 유리섬유 및 광학용 유리 제조업 외 5 종",055-350-8888,055-355-0088,318,"탄소섬유,유리섬유",2022-08-10
(주)한국카본,"조문수, 이명화",경상남도 밀양시 부북면 사포산단중앙로 103,"금속 문, 창, 셔터 및 관련제품 제조업 외 10 종",055-350-8888,,30,하니컴판넬,2022-08-10
(주)한국카본2공장,"조문수, 이명화",경상남도 밀양시 상남면 연금리 383번지 외 2필지,그 외 기타 분류 안된 비금속 광물제품 제조업 외 1 종,055-355-0081,055-353-4924,99,탄소섬유및기타탄소제품제조업,2022-08-10
(주)한국특수파이프,안홍길,경상남도 밀양시 삼랑진읍 미율로 56,강관 제조업 외 1 종,055-351-0527,055-351-0526,28,자동차 부품,2022-08-10
(주)한국화이바,이진광,경상남도 밀양시 부북면 춘화로 85 (총 10 필지) 외 9필지,"1차 유리제품, 유리섬유 및 광학용 유리 제조업",055-355-0081,055-353-4924,116,유리섬유,2022-08-10
(주)한국화이바 제2공장,이진광,경상남도 밀양시 상남면 상남로 693 (라동) 외 20필지,항공기용 부품 제조업 외 4 종,055-359-2642,055-359-2649,82,"항공기부품, 무기과련 부품, 선박구성부분품",2022-08-10
(주)한국화이바2공장,이진광,경상남도 밀양시 상남면 연금리 379번지,"1차 유리제품, 유리섬유 및 광학용 유리 제조업 외 4 종",055-359-2642,055-359-2649,397,"A-320,ELEVATOR외다수",2022-08-10
(주)한진전력,김재민,경상남도 밀양시 부북면 춘화로 154 외 1필지,배전반 및 전기 자동제어반 제조업 외 4 종,055-355-6994,055-355-6995,24,"전기배전반,교통신호제어기",2022-08-10
(주)한진전력,김재민,경상남도 밀양시 부북면 춘화농공단지길 68,배전반 및 전기 자동제어반 제조업 외 2 종,055-355-6994,,3,영상감시장치,2022-08-10
(주)한창요업,윤원선,경상남도 밀양시 부북면 사포공단2길 24,정형 내화 요업제품 제조업 외 1 종,055-354-4598,055-354-4598,0,내화벽돌 및 유사구조용내,2022-08-10
(주)한톨,김은자,경상남도 밀양시 하남읍 시동3리2길 19-3,복합비료 및 기타 화학비료 제조업,055-391-5775,,1,미량요소복합비료,2022-08-10
(주)해일,김상태,경상남도 밀양시 삼랑진읍 용전산업단지길 192 (삼랑진읍),"플라스틱 선, 봉, 관 및 호스 제조업 외 1 종",055-802-8181,055-802-8188,4,"농,수도 관(호스)",2022-08-10
(주)해천강건,유현록,경상남도 밀양시 삼랑진읍 사기점길 35 외 5필지,육상 금속 골조 구조재 제조업 외 2 종,055-354-7900,055-354-7300,9,"철구조물, 산업기계, 판넬",2022-08-10
(주)현대그린푸드 영남센터,박홍진,경상남도 밀양시 부북면 사포로 127,육류 포장육 및 냉동육 가공업 (가금류 제외) 외 1 종,055-350-9065,055-350-9001,24,"냉동 돈·우육, 농산물 가공품",2022-08-10
(주)현대스틸,박영호,경상남도 밀양시 부북면 사포산단중앙로 131,구조용 금속 판제품 및 공작물 제조업 외 6 종,,055-354-8963,3,"교통안전시설, 철 구조물",2022-08-10
(주)형제목공기계 밀양지점,송정율,경상남도 밀양시 무안면 판정로 124 외 4필지,육상 금속 골조 구조재 제조업,051-346-4100,055-246-4107,5,태양광 구조물,2022-08-10
(주)혜성창호,주태경,경상남도 밀양시 하남읍 하남로 153,플라스틱 창호 제조업,055-391-7850,055-391-7853,5,PVC창호,2022-08-10
(주)호림개발,임원경,경상남도 밀양시 북성로 43 (내이동),"탭, 밸브 및 유사장치 제조업 외 2 종",055-355-8888,055-3566-6666,9,"지하수상부보호공, 수위조절기",2022-08-10
(주)화영,이홍원,경상남도 밀양시 부북면 사포로 105,선박 구성 부분품 제조업 외 8 종,055-359-1100,055-355-1954,90,선박및구성부분품등,2022-08-10
(주)화영제2공장,이홍원,경상남도 밀양시 무안면 무안로 442 외 1필지,선박 구성 부분품 제조업 외 5 종,055-359-1100,055-355-1954,65,선박구성분품등,2022-08-10
(주)화영제3공장,이홍원,경상남도 밀양시 부북면 사포공단2길 8-11,선박 구성 부분품 제조업 외 4 종,055-359-1100,,5,선박및구성부분품등,2022-08-10
KHMHE-밀양,진휘주,경상남도 밀양시 무안면 무안로 414,기타 물품 취급장비 제조업,,051-313-7381,3,호이스트,2022-08-10
TS스틸,은준석,경상남도 밀양시 상남면 상남로 1076,구조용 금속 판제품 및 공작물 제조업,055-355-0054,055-355-8228,4,조립식판넬 부품,2022-08-10
가가컨테이너,지성대,경상남도 밀양시 초동면 검암4길 30,기타 구조용 금속제품 제조업 외 8 종,055-391-1193,055-391-1722,10,건물용 컨테이너 제작,2022-08-10
가야기계,박희영,경상남도 밀양시 부북면 춘화농공단지길 64,볼트 및 너트류 제조업 외 5 종,,055-355-5767,4,"자동차엔진용,기계,유압부품",2022-08-10
강남하우징,최창해,상남인산길 46,일반 제재업 외 1 종,,,4,"제재목, 마루판",2022-08-10
거명테크,방미화,경상남도 밀양시 하남읍 양동농공단지길 28,금속 단조제품 제조업,055-338-5531,055-338-5532,11,금속품 가공,2022-08-10
거성목재(주),이수형,경상남도 밀양시 산외면 산외로 363,일반 제재업,055-354-0188,055-355-1100,4,목재가공품,2022-08-10
건식무역(주),윤용철,경상남도 밀양시 무안면 사명대사생가로 115 외 6필지,김치류 제조업 외 1 종,055-351-4100,055-351-4104,0,김치,2022-08-10
겟에스씨알(주),황현수,경상남도 밀양시 초동면 초동농공단지길 39-52,선박 구성 부분품 제조업,055-355-9593,055-355-9590,9,선박구성부분품 제조업,2022-08-10
경남공영(주),김수길,경상남도 밀양시 삼랑진읍 삼랑진로 465-33 외 3필지,철강선 제조업,054-971-8036,055-351-0794,7,스테인레스와이어,2022-08-10
경동로ENG,"피희묵, 김정숙",경상남도 밀양시 하남읍 성만남전로 403-8,정형 내화 요업제품 제조업 외 3 종,055-391-7763,055-391-7765,1,"내화 몰타르, 산업용 열처리로",2022-08-10
경상원예자재,황찬희,경상남도 밀양시 산내면 임고정2길 26,농업 및 임업용 기계 제조업,,055-355-8222,6,"분무노즐, 스프링쿨러",2022-08-10
고려도토주식회사,손완호,경상남도 밀양시 상남면 밀양대로 696,기타 일반 도자기 제조업,055-353-1679,055-353-1678,23,도자기원료,2022-08-10
광명화학공업사,박영기,경상남도 밀양시 미리벌중앙로2길 20 (삼문동),플라스틱 필름 제조업 외 1 종,055-355-7575,055-355-7577,5,폴리에틸렌필름,2022-08-10
광성(주),황계윤,경상남도 밀양시 초동면 초동농공단지길 55-26 외 2필지,도장 및 기타 피막처리업 외 2 종,055-391-1105,055-391-1109,30,금속표면처리 및 도장,2022-08-10
그린ENG,우경숙,경상남도 밀양시 상남면 조음로 30-14,산업용 난방보일러 및 방열기 제조업,,,0,보일러,2022-08-10
그린이엔지,김수미,경상남도 밀양시 상남면 외평로 427 외 2필지,"산업용 오븐, 노 및 노용 버너 제조업",055-352-1966,055-352-1967,3,소각로 및 대기오염방지시설,2022-08-10
그린화장지,박유순,경상남도 밀양시 상남면 상남로 1044,위생용 종이제품 제조업,055-354-0794,055-354-6301,1,화장지,2022-08-10
금양화학(주),정삼열,경상남도 밀양시 상남면 조음로 251-78,"플라스틱 포대, 봉투 및 유사제품 제조업",055-391-6634,055-391-6631,6,식품비닐포장지,2022-08-10
금천철망휀스산업,"우돈기, 신정옥",경상남도 밀양시 산외면 산외로 249,금속선 가공제품 제조업 외 1 종,,,3,"용접철망, 메쉬휀스",2022-08-10
남지철망산업,황교호,경상남도 밀양시 부북면 무연길 82 외 1필지,금속선 가공제품 제조업,055-355-1854,055-355-1856,8,개비온철망,2022-08-10
네오인더스트리,홍준오,경상남도 밀양시 삼랑진읍 용전산업단지길 190,항공기용 부품 제조업,055-351-0581,055-351-0582,13,항공기부품,2022-08-10
농업회사 다온건강,김은경,,건강보조용 액화식품 제조업,,,5,"구지뽕엑기스,  구기자엑기스, 아로니아엑기스, 생녹용엑기스",2022-08-10
농업회사법인 레드애플팜(주),조용윤,경상남도 밀양시 산내면 하양지길 25-40 외 2필지,기타 과실ㆍ채소 가공 및 저장 처리업,055-351-4556,055-351-4558,3,사과주스,2022-08-10
농업회사법인 리치푸드시스템 주식회사,이성준,경상남도 밀양시 삼랑진읍 검세길 170 외 1필지,천연 및 혼합조제 조미료 제조업,051-971-0703,051-972-0704,5,소스류,2022-08-10
농업회사법인 연이랑(주),설원식,경상남도 밀양시 상남면 대성길 123-4,기타 과실ㆍ채소 가공 및 저장 처리업,055-353-3341,055-353-2242,5,"냉동연근,연근가루,연근차",2022-08-10
농업회사법인 오리온농협(주),박민규,경상남도 밀양시 부북면 점필재로 229-1,과자류 및 코코아 제품 제조업,055-802-5000,055-802-8034,57,"식품, 과자, 제분",2022-08-10
농업회사법인 주식회사 미락,남승일,경상남도 밀양시 부북면 춘화리 402-16번지,기타 곡물 가공품 제조업,055-351-4585,055-351-4583,22,누룽지,2022-08-10
농업회사법인 주식회사 안심,안성현,경상남도 밀양시 부북면 춘화로 329,기타 곡물 가공품 제조업,055-351-3530,0504-165-7409,14,누룽지,2022-08-10
농업회사법인(주)강림오가닉,임수복,경상남도 밀양시 초동면 초하로 510 (초동면),식물성 유지 제조업 외 1 종,055-391-6201,055-391-6250,7,"들깨유, 들깨유건강기능식품",2022-08-10
농업회사법인(주)늘자연,김용근,경상남도 밀양시 초동면 초동농공단지길 39-32,유기질 비료 및 상토 제조업 외 1 종,,02-6442-1614,2,"액체비료, 복합비료",2022-08-10
농업회사법인미르맛나향(주),석대성,경상남도 밀양시 무안면 사명로 726-11 외 3필지,기타 과실ㆍ채소 가공 및 저장 처리업,055-351-0654,055-352-0654,2,"캡사이신, 고추 다진양념",2022-08-10
다온식품,정길옥,경상남도 밀양시 산외면 금천남길 14,기타 곡물 가공품 제조업,055-355-3020,055-355-2057,3,떡원료(앙금),2022-08-10
대건테크,김은효,경상남도 밀양시 초동면 초동농공단지길 49,구조용 금속 판제품 및 공작물 제조업,,055-391-0629,26,닥트설비,2022-08-10
대도기공(주),정명기,경상남도 밀양시 삼랑진읍 사기점길 9-1 외 6필지,그 외 기타 일반목적용 기계 제조업 외 1 종,,,9,"배합기, 믹서기 등 사료기계",2022-08-10
대도산업,정명기,경상남도 밀양시 삼랑진읍 사기점길 9 외 2필지,"고무, 화학섬유 및 플라스틱 성형기 제조업",,,1,산업기계,2022-08-10
대동석재,백상호,경상남도 밀양시 무안면 사명대사생가로 100,기타 석제품 제조업,055-352-7526,055-351-2302,2,석재가공,2022-08-10
대동인텍,곽정훈외1명,경상남도 밀양시 하남읍 양명길 99,도장 및 기타 피막처리업,,,12,도장 및 피막처리,2022-08-10
대림목재산업(주),전태봉,경상남도 밀양시 산외면 산외로 371-11 외 2필지,일반 제재업,055-355-0040,055-355-2882,5,"각재, 판재",2022-08-10
대성가설산업,조영희,경상남도 밀양시 하남읍 야촌안길 24-8,육상 금속 골조 구조재 제조업 외 1 종,,055-391-4189,1,건설공사용 가설자재(동바리),2022-08-10
대성산업,박상준,경상남도 밀양시 삼랑진읍 미전2길 49,자동차용 금속 압형제품 제조업 외 1 종,,055-353-2448,2,수도계량기함,2022-08-10
대성에이엔씨(A&C),박영민,경상남도 밀양시 부북면 사포로 65-2 외 6필지,아스팔트 콘크리트 및 혼합제품 제조업,055-356-7900,055-356-7907,3,아스콘,2022-08-10
대성팀버,한재혁,경상남도 밀양시 삼랑진읍 미율로 191-5,일반 제재업,055-339-5651,055-339-3238,10,제재목,2022-08-10
대승정공,최원하,경상남도 밀양시 초동면 성만남전로 91-9,그외 기타 자동차 부품 제조업,055-391-1800,055-391-1805,8,오토미션부품,2022-08-10
대신기계,오동규,경상남도 밀양시 부북면 사포산단중앙로 73,자동차 엔진용 신품 부품 제조업 외 5 종,055-352-6089,055-352-6079,23,자동차 엔진 및 차체용 부품,2022-08-10
대신하이텍(주),오동규,경상남도 밀양시 부북면 사포산단중앙로 73,내연기관 제조업 외 2 종,055-355-9948,,14,"INDEX 제작, 유압구조장비셑, 펌프, 압축기 및 유사장치",2022-08-10
대신한천,임종인외3명,경상남도 밀양시 산외면 산외로 595-3 (총 2 필지) 외 1필지,수산식물 가공 및 저장 처리업,055-353-5834,055-353-5832,9,한천,2022-08-10
대영기계공업(주),"김연숙, 홍순호",경상남도 밀양시 삼랑진읍 미율로 71 (총 3 필지) 외 2필지,자동차 엔진용 신품 부품 제조업 외 4 종,055-350-6600,055-350-6609,94,"에어컨밸브,가바나 레바",2022-08-10
대원산업(주),박영득,경상남도 밀양시 하남읍 양명길 99,도장 및 기타 피막처리업,055-391-6512,055-391-6517,8,도장,2022-08-10
대일타월,김종일,경상남도 밀양시 산외면 남기동길 189,특수 직물 및 기타 직물 직조업,055-355-9607,055-355-9606,5,섬유,2022-08-10
대종코팅산업,김종철,경상남도 밀양시 삼랑진읍 미전농공단지길 35,그 외 자동차용 신품 부품 제조업 외 2 종,055-337-3669,055-338-3669,7,그외 자동차부품,2022-08-10
대하자연식품,전수제,경상남도 밀양시 하남읍 백산2길 38 (총 2 필지) 외 1필지,"면류, 마카로니 및 유사식품 제조업 외 1 종",055-391-5255,055-391-6574,6,"국수,냉면",2022-08-10
대한금속공업사,윤정한,경상남도 밀양시 하남읍 양동농공단지길 12,그 외 기타 분류 안된 금속 가공 제품 제조업 외 1 종,055-391-4796,055-391-4798,7,금속봉인,2022-08-10
대한생약제품(주),신경수,경상남도 밀양시 삼랑진읍 만어로 135,기타 과실ㆍ채소 가공 및 저장 처리업,055-353-3080,55,0,채소가공품,2022-08-10
대화정밀,강대일,경상남도 밀양시 초동면 초동농공단지길 24-16,주형 및 금형 제조업,055-391-4592,055-391-4593,11,열간단조금형,2022-08-10
동곡세라믹,김종열,경상남도 밀양시 추화산성길 36 (교동),복합비료 및 기타 화학비료 제조업 외 1 종,055-352-6292,,1,토질개량용 토사석,2022-08-10
동남화학공업사,정기섭,경상남도 밀양시 상남면 조음로 30-6,"염료, 조제 무기안료, 유연제 및 기타 착색제 제조업",055-353-7784,055-353-3255,9,메라민수지성형재료,2022-08-10
동림신소재,박병훈,경상남도 밀양시 삼랑진읍 미율로 400,신발 부분품 제조업 외 4 종,055-356-5997,055-356-5998,16,자동차완충용 스폰지,2022-08-10
동밀양농협 가공사업소,김정인,경상남도 밀양시 단장면 표충로 89-62 외 3필지,기타 비알코올 음료 제조업 외 1 종,055-312-5072,055-351-0131,12,대추캔,2022-08-10
동밀양농협 미곡종합처리장,김정인,경상남도 밀양시 산외면 금천남길 2-5,곡물 도정업,055-355-0700,055-355-0854,7,청결미,2022-08-10
동아로지스틱,임현숙,경상남도 밀양시 상남면 이연길 24,그 외 기타 달리 분류되지 않은 운송장비 제조업,055-354-7822,055-354-7821,3,운반용 대차제품,2022-08-10
동아메딕스제약,선제규,경상남도 밀양시 상남면 고노실길 16,기타 비알코올 음료 제조업,055-355-7055,055-355-7057,6,드링크류,2022-08-10
동아바이오헬스(주),선종일,경상남도 밀양시 초동면 범평리 501번지 외 10필지,건강기능식품 제조업 외 1 종,,055-355-7057,5,드링크,2022-08-10
동아포장(주),김연이,경상남도 밀양시 범북1길 2 (교동) (총 3 필지) 외 2필지,골판지 제조업 외 1 종,055-355-1234,055-353-2222,12,골판지상자,2022-08-10
동양 주식회사,김영미,경상남도 밀양시 청도면 청도로 156-45,일반 제재업 외 3 종,055-943-8205,055-715-3819,4,"목재덱, 금속울타리, 놀이대제조(조합놀이대)",2022-08-10
동은단조(주),서경원,경상남도 밀양시 부북면 사포산단1길 90-27 외 1필지,그 외 자동차용 신품 부품 제조업 외 3 종,055-350-2700,055-355-2141,110,"자동차부품, 단조품",2022-08-10
동일산업사,김철수,경상남도 밀양시 부북면 사포로 139,철도차량 부품 및 관련 장치물 제조업,055-355-9881,055-355-8134,5,철도차량 내장재,2022-08-10
동창단조(주),박권욱,경상남도 밀양시 부북면 사포산단1길 90-17 외 2필지,금속 단조제품 제조업,055-351-3915,055-351-3918,4,"중장비부품(슈,링크)",2022-08-10
동해공업(주),송정한,경상남도 밀양시 삼랑진읍 삼랑진로 465-32,산업용 냉장 및 냉동 장비 제조업,051-207-7441,55,46,냉각탑,2022-08-10
동호테크,옥재욱,경상남도 밀양시 부북면 전사포리 88-21번지,자동차 엔진용 신품 부품 제조업 외 1 종,,,5,자동차 엔진변속장치 부품,2022-08-10
두성영농조합법인,이태순,경상남도 밀양시 하남읍 백산신촌2길 56 외 3필지,기타 과실ㆍ채소 가공 및 저장 처리업,,055-391-1280,4,"가공된 양배추, 무, 단배추",2022-08-10
디케이엠(주),"이현수, 강창원",경상남도 밀양시 무안면 무안로 440,금속 절삭기계 제조업 외 1 종,055-359-1234,055-355-1659,35,"금속절삭가공기계,내연기관",2022-08-10
만고산업(주),박충옥,경상남도 밀양시 초동면 초동농공단지길 23-6 외 1필지,부직포 및 펠트 제조업,055-391-5563,055-391-5542,17,부직포,2022-08-10
매그날 주식회사,현석정,경상남도 밀양시 삼랑진읍 미율로 394-21,"기타 비철금속 제련, 정련 및 합금 제조업",,055-353-3206,5,알루미늄 퍽,2022-08-10
명광기계,강종한,경상남도 밀양시 가곡8길 17 (가곡동),그 외 기타 특수목적용 기계 제조업 외 1 종,055-354-2557,055-352-3331,2,조립금속제품,2022-08-10
명성엔지니어링(주),강귀자,경상남도 밀양시 부북면 춘화리 845번지,"탭, 밸브 및 유사장치 제조업 외 10 종",055-338-6105,055-355-6106,9,상하수도용 밸브 수문,2022-08-10
명진산업(주),이소영,경상남도 밀양시 삼랑진읍 미전2안길 9 외 16필지,육상 금속 골조 구조재 제조업 외 1 종,070-4331-7956,,20,"건설자재, H빔",2022-08-10
무안농협퇴비제조장,김도현,경상남도 밀양시 무안면 신연로 598 외 4필지,복합비료 및 기타 화학비료 제조업 외 1 종,055-352-1141,055-351-1601,6,부산물비료(퇴비),2022-08-10
무안떡집(오병이어),김선애,경상남도 밀양시 무안면 사명대사생가로 71 (총 3 필지) 외 2필지,식용 정제유 및 가공유 제조업 외 1 종,055-352-0585,,4,참기름.떡,2022-08-10
문수수출포장,김상개,경상남도 밀양시 삼랑진읍 미율로 191-7,목재 깔판류 및 기타 적재판 제조업,055-353-7057,055-355-7059,5,"파레트, 목재포장용소재",2022-08-10
물샘관수자재,신홍건,경상남도 밀양시 부북면 추원재길 8,그 외 기타 플라스틱 제품 제조업,,,4,플라스틱 사출 제품,2022-08-10
미르특장(도장부스),"추병근, 김영일",경상남도 밀양시 부북면 사포산단중앙로 27,기타 구조용 금속제품 제조업 외 2 종,055-353-7800,055-353-6100,25,특장차,2022-08-10
미부닥트 주식회사,지영만,경상남도 밀양시 초동면 초동농공단지길 49,선박 구성 부분품 제조업,051-261-0805,051-262-3734,3,닥트설비,2022-08-10
민아트에스윈발전(주),김희범,경상남도 밀양시 부북면 무안로 761 나노융합센터 306호,기타 구조용 금속제품 제조업,055-603-6091,055-901-0257,5,알루미늄 압출제품,2022-08-10
민영흑마늘,김태우,경상남도 밀양시 산외면 엄광3길 4 외 2필지,기타 과실ㆍ채소 가공 및 저장 처리업,,,0,"흑마늘, 흑마늘엑기스",2022-08-10
밀양꾸지뽕 영농조합법인,손준호,경상남도 밀양시 산외면 산외남로 49-11 (산외면),기타 과실ㆍ채소 가공 및 저장 처리업,055-354-9333,055-354-9344,1,"꾸지뽕엑기스, 꾸지뽕",2022-08-10
밀양두부학교 농업회사법인 유한회사,김병호,경상남도 밀양시 단장면 표충로 1006,두부 및 유사식품 제조업,,,0,두부 등,2022-08-10
밀양산업,김상익,경상남도 밀양시 하남읍 성만남전로 366-25 외 2필지,비 및 솔 제조업,055-391-4315,055-391-4317,1,청소도구,2022-08-10
밀양제일영농조합법인,구본주,경상남도 밀양시 하남읍 하남로 93,곡물 도정업,055-391-7555,055-391-1221,11,"청결미, 우리밀",2022-08-10
밀양축산업협동조합섬유질사료공장,박재종,경상남도 밀양시 상남면 상남로 940-15 외 5필지,배합 사료 제조업 외 1 종,055-352-0727,055-352-0730,10,동물용 섬유질 사료,2022-08-10
밀양컴퓨터컷팅,배태식,경상남도 밀양시 북성로 60 (내이동),간판 및 광고물 제조업 외 1 종,055-355-2464,055-355-2491,6,현수막 등,2022-08-10
반석농원,장명순,경상남도 밀양시 산내면 남명리 1272-2번지,기타 과실ㆍ채소 가공 및 저장 처리업,,,2,사과액기스,2022-08-10
벤텍주식회사,김진화,경상남도 밀양시 부북면 춘화농공단지길 55,산업용 송풍기 및 배기장치 제조업,055-355-9901,,0,"환풍기, 스파이럴 닥트",2022-08-10
보광금속(주),주계식,경상남도 밀양시 하남읍 양동농공단지길 52,선철주물 주조업,055-391-1603,055-391-1609,20,선철주물제조업,2022-08-10
보성섬유,김용진,경상남도 밀양시 하남읍 양동농공단지길 65-17,특수 직물 및 기타 직물 직조업,055-391-6063,055-391-6035,2,특수직물및기타직물제조업,2022-08-10
보원하이텍,장연하,경상남도 밀양시 하남읍 하남로 345,그 외 기타 특수목적용 기계 제조업 외 2 종,,055-391-6238,4,로봇용 구동부품(산업용 로봇 주행장치),2022-08-10
부경산업사,임명상,경상남도 밀양시 상남면 세천4길 34-4 외 1필지,"콘크리트 타일, 기와, 벽돌 및 블록 제조업",055-351-2293,055-351-0261,2,벽돌,2022-08-10
부영시스템창호,고영미,경상남도 밀양시 삼랑진읍 칠성길 95-9,플라스틱 창호 제조업,055-352-3146,055-353-3144,2,시스템 창호,2022-08-10
북성공업(주),김창식,경상남도 밀양시 상남면 상남로 391-20 외 4필지,농업 및 임업용 기계 제조업 외 1 종,055-351-1134,055-353-4752,23,"동력예취기,자동탈곡기,발전기",2022-08-10
비앤비테크,정명숙,경상남도 밀양시 삼랑진읍 미전농공단지길 35,액체 여과기 제조업 외 2 종,055-345-4020,055-345-4023,4,"상하수 폐수처리기계, 산업기계",2022-08-10
비케이플라텍(주),임용순,경상남도 밀양시 초동면 초동농공단지길 48,선박 구성 부분품 제조업 외 2 종,055-391-8895,055-391-8896,10,LNG선 보온제,2022-08-10
삼강엠앤티(주)밀양제1공장,송무석,경상남도 밀양시 하남읍 양동농공단지길 40,육상 금속 골조 구조재 제조업 외 3 종,055-391-7020,055-391-7021,69,금속조립 구조제 제조,2022-08-10
삼강엠앤티(주)제2공장,송무석,경상남도 밀양시 하남읍 양동농공단지길 65-22,육상 금속 골조 구조재 제조업 외 1 종,055-391-7020,055-391-7021,10,후육관/강관,2022-08-10
삼건세기(주),강정일,경상남도 밀양시 삼랑진읍 미율로 405 외 1필지,액체 여과기 제조업 외 10 종,055-338-3030,055-333-5337,105,"플랜트 산업 강재, 철의장, 조선기자재, 코팅강관",2022-08-10
삼미기계,김병용,경상남도 밀양시 상남면 이연길 64,"탭, 밸브 및 유사장치 제조업",055-326-0835,,11,특수 밸브,2022-08-10
삼미기계주식회사,김병용,경상남도 밀양시 상남면 상남로 1030,"탭, 밸브 및 유사장치 제조업",055-354-7503,055-354-7533,9,탭벨브,2022-08-10
삼신테크윈(주),정은미,경상남도 밀양시 하남읍 양동농공단지길 57-12,자동차 차체용 신품 부품 제조업 외 1 종,055-391-5580,055-391-6980,4,자동차 부품,2022-08-10
삼양요업사,엄장현,경상남도 밀양시 부북면 퇴로로 298 외 1필지,정형 내화 요업제품 제조업 외 1 종,055-354-2252,055-355-3050,2,내화벽돌등,2022-08-10
삼영중공업(주),이석준,경상남도 밀양시 청도면 청도로 133 외 2필지,선박 구성 부분품 제조업 외 8 종,055-350-3503,055-350-3563,137,실린더라이너,2022-08-10
삼진산업(주),박준희,경상남도 밀양시 삼랑진읍 상삼로 526-1 외 2필지,계면활성제 제조업,055-351-0257,055-353-0257,13,섬유용계면활성제,2022-08-10
삼진수출포장,양승철,경상남도 밀양시 삼랑진읍 사기점길 59,"목재 포장용 상자, 드럼 및 유사용기 제조업",,055-352-7068,3,"목상자, 파렛트",2022-08-10
삼흥열처리,주보원,경상남도 밀양시 부북면 사포산단중앙로 92 (총 2 필지) 외 1필지,금속 열처리업,055-353-3459,055-353-3457,99,자동자부품 및 단조품 열처리,2022-08-10
상우강건(주),임지운,"경상남도 밀양시 부북면 사포산단중앙로 57-7, 상우강건(주)",육상 금속 골조 구조재 제조업 외 1 종,055-355-4224,055-355-3186,0,산업플랜트,2022-08-10
상일철강(주),김학수,경상남도 밀양시 부북면 사포산단1길 74,기타 구조용 금속제품 제조업,055-351-2989,051-642-2989,2,파이프 C형강,2022-08-10
상진금속,김상식,경상남도 밀양시 하남읍 양동농공단지길 65-10,금속 캔 및 기타 포장용기 제조업,055-391-7442,055-391-7443,2,금속켄및 기타포장용지제조업,2022-08-10
상화정공주식회사,임기봉,경상남도 밀양시 상남면 무량원길 8-3 외 1필지,금속 절삭기계 제조업 외 3 종,055-351-2733,055-351-2734,3,기어가공기,2022-08-10
새청정영농조합법인,이신엽,경상남도 밀양시 초동면 초동농공단지길 49,기타 종이 상자 및 용기 제조업,,050-4207-2311,0,종이상자,2022-08-10
새한엔지니어링(주),강호경,경상남도 밀양시 하남읍 대평1길 32,그 외 기타 1차 철강 제조업,055-262-3067,055-262-3097,7,금속파이프 가공품,2022-08-10
샘샘,정희선,경상남도 밀양시 삼랑진읍 우곡2길 72,기타 과실·채소 가공 및 저장처리업 외 2 종,,,1,"깻잎김치,딸기쨈,보리빵",2022-08-10
샘소슬(주),정의엽,경상남도 밀양시 삼랑진읍 행곡1길 15-94 (총 2 필지) 외 1필지,생수 생산업,055-355-5412,055-355-3788,20,천연생수생산,2022-08-10
선봉기업,김광주,경상남도 밀양시 상남면 밀양대로 726 외 1필지,육상 금속 골조 구조재 제조업 외 1 종,,055-353-4285,5,철구조물,2022-08-10
선비식품,황기현,경상남도 밀양시 산내면 가인리 2701번지,기타 과실ㆍ채소 가공 및 저장 처리업,,,3,사과즙,2022-08-10
성경공업사,이흥창,경상남도 밀양시 산외면 산외로 116,일반철물 제조업 외 1 종,055-355-5122,055-355-5107,8,"조리게,농업용파이프",2022-08-10
성광산기,장갑석,경상남도 밀양시 삼랑진읍 미전농공단지길 35,액체 여과기 제조업 외 2 종,055-391-2272,055-391-2758,6,"상하수폐수처리기계, 산업기계, 원심분리기, 밸브 및 수문 외",2022-08-10
성원농산(주),박주호,경상남도 밀양시 부북면 부북로 158,곡물 도정업,055-355-8303,2,0,청결미,2022-08-10
성진기계,최재규,경상남도 밀양시 초동면 초동농공단지길 68,그 외 자동차용 신품 부품 제조업 외 4 종,055-391-1411,055-391-1413,36,기계가공(자동차부품),2022-08-10
세연산업,정화자,경상남도 밀양시 청도면 구기리 16번지,부직포 및 펠트 제조업,055-351-1198,,3,농업용 보온 담요,2022-08-10
세이프롬정보,백운점,경상남도 밀양시 시청서길 18-2 (내이동),방송장비 제조업 외 3 종,055-354-4700,055-354-4701,7,"CCTV, 방송장비",2022-08-10
세정건업주식회사,이정재,경상남도 밀양시 상동면 상동로 130 외 2필지,비금속류 해체 및 선별업 외 2 종,055-355-5350,055-354-2066,37,"석분,쇄석,레미콘",2022-08-10
세창켐텍,정숙희,경상남도 밀양시 삼랑진읍 용전산업단지길 198,윤활유 및 그리스 제조업,055-353-4311,055-353-4340,3,와이어로프용 방청 그리스,2022-08-10
소풍,김하나,,빵류 제조업,,,1,"사과빵,사과머핀빵",2022-08-10
송림찬바람,이재철,경상남도 밀양시 새미4길 1-2 (교동),산업용 송풍기 및 배기장치 제조업,,,0,환풍기,2022-08-10
송원액자,박봉규,경상남도 밀양시 산외면 엄광중앙로 192-5,표구처리업 외 1 종,055-354-9546,,3,"병풍,액자",2022-08-10
숯불혁신,김해곤,경상남도 밀양시 부북면 춘화로 348,가정용 비전기식 조리 및 난방 기구 제조업,,,4,착화기(연소기),2022-08-10
시우방수산업,김현태,경상남도 밀양시 부북면 사포공단1길 42,일반용 도료 및 관련제품 제조업,055-355-9704,055-355-9703,2,방수액,2022-08-10
신광화학공업(주),김창규 ,경상남도 밀양시 삼랑진읍 미전농공단지길 102,그 외 기타 분류 안된 화학제품 제조업 외 1 종,055-356-5202,055-356-5203,6,활성탄소(정제활성탄),2022-08-10
신성메탈(주),박성남,경상남도 밀양시 삼랑진읍 용전산업단지길 73,"알루미늄 제련, 정련 및 합금 제조업",055-547-8540,055-547-8539,33,알루미늄 괴,2022-08-10
신한산업(주),"윤승언, 장연덕",경상남도 밀양시 초동면 초동농공단지길 38,콘크리트 관 및 기타 구조용 콘크리트 제품 제조업,055-391-5417,055-391-5419,3,"PC암거,맨홀",2022-08-10
신화산업,주영대,경상남도 밀양시 하남읍 명례로 406,복합비료 및 기타 화학비료 제조업 외 1 종,055-391-1540,055-391-1501,1,부산물비료,2022-08-10
씨앤더블(주),임예선,경상남도 밀양시 삼랑진읍 용전산업단지길 188,그 외 기타 전기장비 제조업 외 4 종,051-305-6662,051-305-6668,11,"용접봉건조장치, LED조명기구, 용접기 등",2022-08-10
씨에스디코리아(주),"민원기,김동준",경상남도 밀양시 하남읍 양명길 83,금속선 가공제품 제조업,055-391-7031,,0,철사옷걸이,2022-08-10
씨엔리(주)밀양공장,최태원,경상남도 밀양시 초동면 초동농공단지길 55-29 외 1필지,항공기용 부품 제조업,055-391-6805,055-391-6807,10,항공기부품,2022-08-10
아랑농산,김건수외3명,경상남도 밀양시 청도면 요고길 179-10,건강보조용 액화식품 제조업 외 2 종,055-352-7155,055-351-0850,2,흑염소중탕,2022-08-10
아렘HT(주),황채익,경상남도 밀양시 부북면 사포산단중앙로 88-22 아렘HT(주),항공기용 부품 제조업 외 1 종,055-391-0046,055-391-0047,10,AISI4130,2022-08-10
아름푸드,양성재,경상남도 밀양시 삼랑진읍 사기점길 11-2,과자류 및 코코아 제품 제조업 외 1 종,,,5,"초콜릿 과자, 강정",2022-08-10
아리랑푸드,백경선,경상남도 밀양시 초동면 초동중앙로 106-3,떡류 제조업,,,4,떡국,2022-08-10
아성테크,황성수,경상남도 밀양시 삼랑진읍 용전리 424-2번지,자동차용 금속 압형제품 제조업 외 1 종,,,15,산업기계제작,2022-08-10
앰엔에스푸드,윤원선,경상남도 밀양시 시청로2길 23 (내이동),건강보조용 액화식품 제조업,,,1,"철갑상어진액, 야관문진액, 우슬진액, 와송진액 등",2022-08-10
에스비테크,원성숙,"경상남도 밀양시 산외면 남기동길 83-4, 나동",전기회로 접속장치 제조업 외 2 종,055-356-4790,0502-2804-790,4,가로등 점멸기,2022-08-10
에스지이엔티,김성기,경상남도 밀양시 초동면 신연로 519 (총 3 필지) 외 2필지,표면 가공 목재 및 특정 목적용 제재목 제조업,,055-391-7226,8,폐목재 재활용펄프 및 톱밥,2022-08-10
에스케이테크윈(주),김종신,경상남도 밀양시 초동면 초동농공단지길 24-20,폴리스티렌 발포 성형제품 제조업,055-391-0070,055-391-0400,9,EPS제품(단열재/준불연재),2022-08-10
에스코(주),김종오,경상남도 밀양시 초동면 초동농공단지길 31,"점토 벽돌, 블록 및 유사 비내화 요업제품 제조업 외 1 종",055-391-6123,055-391-6126,23,비내화요업제품,2022-08-10
에이지테크(주),강형기,경상남도 밀양시 부북면 춘화농공단지길 52,자동차 엔진용 신품 부품 제조업 외 1 종,055-356-5661,055-261-1588,0,자동차 엔진용 부품,2022-08-10
에코랜드,이창수,경상남도 밀양시 삼랑진읍 단장로 29 외 2필지,놀이터용 장비 제조업 외 9 종,055-338-2470,055-338-2471,6,공원체육시설,2022-08-10
에코리버,김별,경상남도 밀양시 초동면 초동로 68,금속선 가공제품 제조업 외 1 종,055-391-7922,,6,"용접철망, 돌망태, 식생매트",2022-08-10
엔디에프,이기용,경상남도 밀양시 삼랑진읍 용전산업단지길 279,금속 단조제품 제조업,070-4864-8700,070-4864-8717,26,냉간단조품,2022-08-10
엔디케이(주)영남공장,김재학,경상남도 밀양시 초동면 초동농공단지길 39-33,포장용 플라스틱 성형용기 제조업,054-975-5107,054-971-4447,0,"플라스틱파렛트, 플라스틱컨테이너",2022-08-10
엔피씨,최병민,경상남도 밀양시 초동면 초동농공단지길 39-33 (총 2 필지) 외 1필지,그 외 기타 플라스틱 제품 제조업,055-391-0501,055-391-0502,33,"플라스틱상자,츨라스틱파렛트",2022-08-10
엠플러스에프엔씨(주),오명석,경상남도 밀양시 부북면 사포공단1길 25-19,두부 및 유사식품 제조업,033-749-3010,055-733-0096,26,두부류,2022-08-10
영우산업(주),최용덕,경상남도 밀양시 상남면 외평로 458 외 1필지,직물포대 제조업,055-352-7205,055-352-7206,11,자동차용 컴프레셔,2022-08-10
영진제관(주),"송상돈,송일복",경상남도 밀양시 하남읍 양동농공단지길 39,금속 캔 및 기타 포장용기 제조업,055-391-7051,055-391-7054,29,사각공관,2022-08-10
영천영농조합법인,김영철,경상남도 밀양시 삼랑진읍 삼랑진로 465-10 외 4필지,기타 과실ㆍ채소 가공 및 저장 처리업,055-353-3630,055-353-3629,40,샐러드,2022-08-10
예스로하이테크(주),노순자,경상남도 밀양시 초동면 초동농공단지길 33,그 외 자동차용 신품 부품 제조업 외 3 종,055-391-1161,055-391-6127,10,"매연저감장치제조, 산업기계",2022-08-10
오륙공사,권태형,경상남도 밀양시 삼랑진읍 미율로 144-5 외 2필지,그 외 자동차용 신품 부품 제조업,055-352-5604,055-352-5605,35,"도어몰딩,웨더스트립",2022-08-10
오유세라믹스,유승면,경상남도 밀양시 초동면 초동농공단지길 55-17 외 1필지,타일 및 유사 비내화 요업제품 제조업,055-391-6550,055-391-5650,2,자기질 특수타일,2022-08-10
오토모테크,김희년,경상남도 밀양시 초동면 검암1길 15,자동차 엔진용 신품 부품 제조업 외 1 종,,055-391-2052,29,자동차부품(밸브류),2022-08-10
오헌산업(주),윤진수,경상남도 밀양시 초동면 초동농공단지길 38,콘크리트 관 및 기타 구조용 콘크리트 제품 제조업,055-342-9411,055-342-9414,3,조립식 PC 암거,2022-08-10
용진기계,정문구,경상남도 밀양시 하남읍 하남로 81,농업 및 임업용 기계 제조업,055-391-0215,055-391-0216,2,"수확기, 파종기",2022-08-10
용진기계,정문구,경상남도 밀양시 상남면 상남로 1114,농업 및 임업용 기계 제조업,055-355-0735,,0,농기계,2022-08-10
우미세라믹스,이상훈,경상남도 밀양시 삼랑진읍 미율로 204,타일 및 유사 비내화 요업제품 제조업,055-351-1851,055-351-1344,9,"화분,타일",2022-08-10
우미세라믹스,이상훈,경상남도 밀양시 삼랑진읍 용전1길 12 외 11필지,타일 및 유사 비내화 요업제품 제조업,055-351-1851,,11,특수타일,2022-08-10
우성포마(주),유상목,경상남도 밀양시 부북면 사포산단중앙로 81 외 1필지,그 외 자동차용 신품 부품 제조업 외 4 종,055-351-3722,055-351-0061,82,"자동차부품(샤프트, 볼트, 너트 등)",2022-08-10
우성포마(주)2공장,유상목,경상남도 밀양시 부북면 사포산단1길 86,그 외 자동차용 신품 부품 제조업 외 1 종,055-351-3722,055-351-0061,40,자동차 부품,2022-08-10
우주P&G,배종수,경상남도 밀양시 산외면 율전길 143,플라스틱 창호 제조업,055-353-6205,055-353-6206,8,플라스틱 창호,2022-08-10
우진테크 주식회사,김태훈,경상남도 밀양시 초동면 초동농공단지길 48,기타 플라스틱 발포 성형제품 제조업,055-339-8400,055-339-8154,0,"경질우레탄폼, 우레탄 블록",2022-08-10
웰딩코리아,"정생자, 김호경",경상남도 밀양시 삼랑진읍 용전리 991-8번지,그 외 기타 일반목적용 기계 제조업 외 1 종,055-329-9802,055-3229-4802,3,"턴테이블, 포지셔너, 용접기, 용접로봇",2022-08-10
위너스,한미영,"경상남도 밀양시 산내면 임고정2길 24, (구지번 1339-1) 외 1필지",주방용 및 음식점용 목재가구 제조업 외 1 종,055-351-0952,055-351-0953,5,"주방가구, 일반가구",2022-08-10
유금,강동국,경상남도 밀양시 상남면 대성길 113,육상 금속 골조 구조재 제조업,,055-351-4587,12,"LIGHT/POST, 가스 POST",2022-08-10
유니온콤,김정식,경상남도 밀양시 삼랑진읍 용전산업단지길 184,항공기용 부품 제조업 외 2 종,055-716-0773,055-716-0712,4,"내진 내화재, 항공기 부품 등",2022-08-10
유림산업,류정열,경상남도 밀양시 부북면 위양로 380 외 1필지,부직포 및 펠트 제조업,,055-354-0122,4,"농업용부직포, 농업용다겹보온커튼",2022-08-10
유원철망공업사,신정옥,경상남도 밀양시 부북면 사포로 502 외 1필지,금속선 가공제품 제조업 외 1 종,055-353-7404,055-354-1857,4,"철망,돌망태, 메쉬형 울타리",2022-08-10
유진방직공업,임계완,경상남도 밀양시 상남면 상남로 832 외 2필지,모 방적업,055-355-4555,055-355-5313,2,방모사,2022-08-10
유화상사,이수훈,경상남도 밀양시 삼랑진읍 만어로 395,전구 및 램프 제조업,051-637-5912,051-637-5914,2,"LAMPOLI,OIL LAMP,WICK-HEAT",2022-08-10
융진에어테크,김상영,경상남도 밀양시 하남읍 양동농공단지길 57-16,"증류기, 열교환기 및 가스발생기 제조업",055-391-5861,,5,열교환기,2022-08-10
일신산업개발,성낙기,경상남도 밀양시 추화산성길 34-11 (교동),육상 금속 골조 구조재 제조업 외 1 종,055-355-6298,055-353-6287,2,철구조물,2022-08-10
장마을,박규민,경상남도 밀양시 초동면 신호4길 31 (총 2 필지) 외 1필지,장류 제조업 외 1 종,055-391-1084,055-391-1066,4,전통집장,2022-08-10
재우유지(주),김경선,경상남도 밀양시 삼랑진읍 용전리 424-1번지,"치약, 비누 및 기타 세제 제조업",055-351-4271,055-354-0678,5,"비누, 치약",2022-08-10
재희프라텍,강재욱,경상남도 밀양시 상남면 대성길 115,포장용 플라스틱 성형용기 제조업,055-354-0183,055-354-0184,2,액비용기,2022-08-10
정화금속공업(주),정산권,경상남도 밀양시 초동면 초동농공단지길 39-68 외 1필지,모터사이클 제조업 외 1 종,055-391-0033,055-391-0719,40,버텀케이스,2022-08-10
제성내장(주),이성곤,경상남도 밀양시 하남읍 파내길 35 외 3필지,부직포 및 펠트 제조업,055-391-5191,055-391-5194,45,"팰트,부직포",2022-08-10
제이케이이앤씨(주),박성근,경상남도 밀양시 초동면 초동농공단지길 55-13,액체 여과기 제조업 외 8 종,055-342-9551,,10,하수처리장치품,2022-08-10
제이케이중공업,허세호,경상남도 밀양시 삼랑진읍 용전리 423-3번지,육상 금속 골조 구조재 제조업 외 1 종,055-343-7671,,9,제관품 및 파이프류,2022-08-10
제일농원,고승환,경상남도 밀양시 청도면 인산4길 9-14 (총 2 필지) 외 1필지,전분제품 및 당류 제조업 외 2 종,055-352-8433,055-352-8433,4,"간장,된장,뽁음소금,고추장,물엿",2022-08-10
제일비료,김장희,경상남도 밀양시 상남면 조음로 30-105 외 7필지,복합비료 및 기타 화학비료 제조업 외 1 종,055-353-0628,055-353-7903,12,부산물비료 퇴비,2022-08-10
제일소재산업(주),유수갑,경상남도 밀양시 부북면 위양로 319-54,기타 일반 도자기 제조업,,055-355-5761,4,고자기 소지(도자기원료),2022-08-10
제일타카,김희숙,경상남도 밀양시 하남읍 양동농공단지길 34,금속선 가공제품 제조업,055-391-1358,055-391-1359,21,스테플,2022-08-10
제트코리아(주),박종문,경상남도 밀양시 부북면 사포산단중앙로 80,선박 구성 부분품 제조업,070-4675-0247,055-384-3718,8,해양진공화장실,2022-08-10
주식회사 가가테크,지철,경상남도 밀양시 초동면 초동로 68 외 1필지,기타 구조용 금속제품 제조업,055-391-1180,055-391-3353,3,"컨테이너, 주립식 조택",2022-08-10
주식회사 김선애오병이어,김선애,경상남도 밀양시 무안면 사명대사생가로 70 외 1필지,기타 곡물 가공품 제조업,055-352-4744,055-354-0825,6,누룽지,2022-08-10
주식회사 나브텍,김순호,경상남도 밀양시 부북면 춘화리 847번지,금속탱크 및 저장용기 제조업 외 1 종,051-728-5055,051-728-5054,12,"유리 소재 제품, 조선 소방 설비",2022-08-10
주식회사 네스코,이광훈,경상남도 밀양시 삼랑진읍 사기점길 11-1,기타 비알코올 음료 제조업 외 1 종,055-356-7700,055-352-9577,15,"과채류주스, 비알콜형혼합주스",2022-08-10
주식회사 당호제지,차숙자,경상남도 밀양시 상남면 상남로 1088-18,위생용 종이제품 제조업,055-327-6728,055-321-6729,41,화장지 가공,2022-08-10
주식회사 동영전기통신소방,김순임,경상남도 밀양시 북성남길 22-1 (내이동),방송장비 제조업 외 1 종,055-353-6111,055-351-8581,8,영상감시장치,2022-08-10
주식회사 디아크,설정호,경상남도 밀양시 산내면 산내로 670-21 (총 6 필지) 외 5필지,자동차용 신품 동력전달장치 제조업 외 1 종,055-352-4860,055-353-4860,95,자동차 실내 카페트,2022-08-10
주식회사 디에이치글로벌,박재용,경상남도 밀양시 부북면 사포산단중앙로 95,그 외 기타 일반목적용 기계 제조업,055-327-6728,,13,물티슈가공관련 기계,2022-08-10
주식회사 디울,정숙자,경상남도 밀양시 추화산성길 34-15 (교동),일반 제재업 외 5 종,055-353-9939,055-353-6646,5,"목재판재, 금속울타리",2022-08-10
주식회사 루나,정홍재,"경상남도 밀양시 교동로5길 24, 1층 (교동)",일반용 전기 조명장치 제조업 외 2 종,,,5,"가로등, 보안등, 안내판",2022-08-10
주식회사 범호,안은희,경상남도 밀양시 삼랑진읍 단장로 29 외 2필지,놀이터용 장비 제조업 외 9 종,070-4288-7171,055-352-2471,6,"퍼걸러, 차양",2022-08-10
주식회사 베스텍,"김성조, 이진호",경상남도 밀양시 부북면 사포산단1길 77,그 외 자동차용 신품 부품 제조업,055-351-3701,055-351-3703,25,자동차부품,2022-08-10
주식회사 비에이치,홍석호,경상남도 밀양시 하남읍 양명길 99,도장 및 기타 피막처리업,055-391-6512,055-391-6517,12,도장 및 피막처리,2022-08-10
주식회사 삼덕피앤씨,김성윤,경상남도 밀양시 삼랑진읍 미율로 413 외 13필지,육상 금속 골조 구조재 제조업 외 10 종,,055-338-3348,37,"담수공급장치(UNIT),상수도 배관, 전동기 및 발전기, 기타자동차부품",2022-08-10
주식회사 썬테크,남영숙,경상남도 밀양시 산외면 산외로 394-5,"기타 섬유, 의복 및 가죽 가공 기계 제조업",051-632-9304,051-631-5968,26,재봉기,2022-08-10
주식회사 쓰리알,이채용,경상남도 밀양시 부북면 사포공단1길 23,동물성 유지 제조업 외 1 종,055-356-6696,055-356-6698,11,혼합성유지,2022-08-10
주식회사 씨티알에코포징,이동옥,경상남도 밀양시 초동면 초동농공단지길 24-9,금속 단조제품 제조업,055-350-0500,070-4275-1562,150,자동차부품,2022-08-10
주식회사 아이스푸드,손병철,경상남도 밀양시 삼랑진읍 미전리 1083번지 외 2필지,얼음 제조업 외 1 종,055-356-5517,055-356-5512,38,먹는 얼음,2022-08-10
주식회사 에코비트 프리텍 밀양지점,오세욱,경상남도 밀양시 청도면 인산1길 23,금속류 해체 및 선별업 외 1 종,055-353-7970,055-353-7972,12,"MIXED,METLE,SCRAP",2022-08-10
주식회사 엠에스씨,김호석,경상남도 밀양시 산내면 봉의2안길 84-8 외 6필지,과자류 및 코코아 제품 제조업,055-389-1001,055-389-1120,35,"양갱, 젤리",2022-08-10
주식회사 우건산업,장지형,경상남도 밀양시 하남읍 야촌안길 24-10,육상 금속 골조 구조재 제조업,055-391-7135,055-391-7134,3,건설공사용 가설자재,2022-08-10
주식회사 유스마일,유정호,"경상남도 밀양시 시청서4길 8, 101호 (내이동)",빵류 제조업,055-356-7616,0502-797-7616,2,곡물빵,2022-08-10
주식회사 유아,최원복,경상남도 밀양시 삼랑진읍 용전3길 2 외 2필지,육상 금속 골조 구조재 제조업 외 1 종,,055-323-1733,18,"건설용 철골, 산업용 플랜트",2022-08-10
주식회사 유아,최원복,경상남도 밀양시 삼랑진읍 용전리 990-2번지 외 3필지,육상 금속 골조 구조재 제조업,055-353-5900,055-353-5903,40,H빔,2022-08-10
주식회사 이도,정인주,경상남도 밀양시 부북면 사포공단1길 7-1,기기용 자동측정 및 제어장치 제조업 외 5 종,070-4048-7887,,0,유체가속 스마트 펌프,2022-08-10
주식회사 지앤드에스인더스트리얼,KIM STANISLAV,경상남도 밀양시 삼랑진읍 미전농공단지길 76,건설 및 채광용 기계장비 제조업 외 1 종,055-356-6222,,6,"콤크리트펌프카, 크레인, 고소작업차",2022-08-10
주식회사 지엘바이오,임정식,경상남도 밀양시 하남읍 대평4길 39-10 외 4필지,유기질 비료 및 상토 제조업 외 1 종,055-355-0329,055-3550-331,5,"미생물비료, 탈취제",2022-08-10
준성교역,임길수,경상남도 밀양시 하남읍 양동농공단지길 65-4,편조원단 제조업,,051-552-1132,1,화섬섬유(경편),2022-08-10
지.에스하이테커(주),박순복,경상남도 밀양시 삼랑진읍 미전농공단지길 91,선박 구성 부분품 제조업,051-832-0456,051-316-3339,15,선박부품(공기흡입패쇄장치),2022-08-10
지에스테크,안병준,"경상남도 밀양시 산외면 남기동길 83-4, (가동)",육상 금속 골조 구조재 제조업 외 1 종,055-353-4120,0303-3440-4120,3,"가로등주 및 경관조명, 조명기구",2022-08-10
진양테크(주),김성철,경상남도 밀양시 삼랑진읍 미율로 380 외 2필지,철도차량 부품 및 관련 장치물 제조업 외 1 종,055-345-2050,055-345-2058,4,철도차량부품(Roof Ass'y),2022-08-10
진영섬유,김진규,경상남도 밀양시 상남면 이연길 25-10,특수 직물 및 기타 직물 직조업,055-355-6979,55,3,목욕타월,2022-08-10
진일스틸(주)-본점,김우석,경상남도 밀양시 부북면 사포산단중앙로 108,그 외 기타 금속가공업 외 1 종,055-354-1530,055-353-7132,14,"자동차부품외, 금속가공품",2022-08-10
창성기계,김선자,경상남도 밀양시 무안면 가복4길 130-5,공기 조화장치 제조업 외 1 종,,055-355-4833,5,"전기온풍기, 제습기, 보일러",2022-08-10
천마,강경민,경상남도 밀양시 부북면 사포로 418 외 1필지,스타킹 및 기타 양말 제조업,055-352-9700,055-352-9701,3,양말,2022-08-10
천세산업,권상근,경상남도 밀양시 삼랑진읍 율동리 197-15번지,기타 물품 취급장비 제조업,055-351-0993,055-351-1998,3,"호이스트, 선박부분품",2022-08-10
천일염료상사,전혜랑,경상남도 밀양시 삼랑진읍 미율로 132,"염료, 조제 무기안료, 유연제 및 기타 착색제 제조업",,,6,염료,2022-08-10
청림목공,소남우,경상남도 밀양시 산내면 산내로 794 외 1필지,기타 목재가구 제조업,055-356-6369,055-351-0309,6,야외테이블,2022-08-10
청하농산,손경식,경상남도 밀양시 무안면 무안로 330 (총 2 필지) 외 1필지,복합비료 및 기타 화학비료 제조업 외 1 종,055-355-4422,055-355-2714,7,퇴비,2022-08-10
축산퇴비,이주연,경상남도 밀양시 무안면 무안로 330 외 1필지,복합비료 및 기타 화학비료 제조업 외 1 종,055-355-4422,055-355-2714,6,퇴비,2022-08-10
케이엠,조정학,경상남도 밀양시 초동면 초동농공단지길 23-9,금속탱크 및 저장용기 제조업,055-802-7522,055-802-7523,4,"금속탱크, 저장용기",2022-08-10
케이지이티에스(주),엄기민,경상남도 밀양시 초동면 초동농공단지길 59,접착제 및 젤라틴 제조업 외 4 종,055-391-6770,055-391-7558,20,바이오중유 외,2022-08-10
콜크하이텍,김종철,경상남도 밀양시 상남면 밀양대로 1497 (총 2 필지) 외 1필지,코르크 및 조물제품 제조업,055-354-3407,055-354-3406,10,코르크벽지,2022-08-10
킴텍(주),김광식,경상남도 밀양시 부북면 사포산단중앙로 114,"고무, 화학섬유 및 플라스틱 성형기 제조업",055-802-7001,,7,오토클레이브,2022-08-10
태경개발,김구태,경상남도 밀양시 초동면 검암2길 10,육상 금속 골조 구조재 제조업 외 5 종,,,5,"가로등주, 수배전반",2022-08-10
태광월드산업(주),김병국,경상남도 밀양시 하남읍 양명길 83,육상 금속 골조 구조재 제조업,055-391-7036,055-391-7037,0,강구조물,2022-08-10
태산,최향순,경상남도 밀양시 삼랑진읍 단장로 55 외 1필지,그 외 기타 가구 제조업,,055-351-1311,5,욕실용 가구,2022-08-10
태산화학,"이수한, 이정숙",경상남도 밀양시 하남읍 야촌길 46,플라스틱 필름 제조업,,,2,농업용비닐,2022-08-10
태양정밀,김기호,경상남도 밀양시 산외면 율전길 87-5 (총 4 필지) 외 3필지,단추 및 유사 파스너 제조업,055-352-2128,055-353-9549,0,파스너,2022-08-10
태영산업 주식회사 ,윤종국,경상남도 밀양시 삼랑진읍 미율로 329-9 외 3필지,"라이터, 연소물 및 흡연용품 제조업",055-352-8888,070-4009-8734,100,담배 필터,2022-08-10
태영산업(주),윤종국,미율로 329-21,"라이터, 연소물 및 흡연용품 제조업 외 1 종",055-352-8888,055-356-9214,396,담배필터제조기,2022-08-10
태영산업(주),윤종국,경상남도 밀양시 삼랑진읍 미율로 321 외 9필지,"라이터, 연소물 및 흡연용품 제조업",055-352-8888,070-4009-8734,1,담배필터,2022-08-10
팍스텍,박안홍,경상남도 밀양시 부북면 사포산단중앙로 88-34,액체 펌프 제조업 외 1 종,055-355-7830,055-355-7831,10,선박용 유압부품,2022-08-10
풍진농산영농조합법인,김재흥,경상남도 밀양시 하남읍 하남로 260,곡물 도정업,055-391-7262,055-391-7263,5,보리도정,2022-08-10
필세라믹,성민조,경상남도 밀양시 하남읍 파내2길 8-11 외 2필지,"점토 벽돌, 블록 및 유사 비내화 요업제품 제조업",,055-391-3722,2,세라믹볼,2022-08-10
한국농식품산업설비협동조합,최경로,경상남도 밀양시 초동면 성만1길 50-5,농업 및 임업용 기계 제조업,,,0,농산물용건조기,2022-08-10
한국산업사,신인길,경상남도 밀양시 하남읍 명례로 100,경 인쇄업 외 1 종,,055-391-1236,1,인쇄,2022-08-10
한국선재(주),이제훈,경상남도 밀양시 하남읍 양동농공단지길 27,철강선 제조업,055-391-0155,055-391-0156,34,스텐레스강선,2022-08-10
한국소켓센타,이병석,경상남도 밀양시 초동면 초동농공단지길 21,볼트 및 너트류 제조업 외 2 종,055-391-7500,055-391-7502,18,"육각렌치볼트, 나사류 등",2022-08-10
한동식품,정성화,경상남도 밀양시 상남면 상남로 1088-10,김치류 제조업 외 1 종,055-354-2803,055-355-2806,2,단무지,2022-08-10
한림철강(주),김창환,경상남도 밀양시 삼랑진읍 미전농공단지길 83,자동차 차체용 신품 부품 제조업 외 4 종,055-356-8900,055-356-8920,6,후레임,2022-08-10
한맥(주),이철우,경상남도 밀양시 초동면 범평로 103 (총 5 필지) 외 4필지,비금속류 해체 및 선별업 외 1 종,055-391-5161,055-391-5195,62,"재생자갈,모래",2022-08-10
한백기공,김평하,경상남도 밀양시 부북면 춘화농공단지길 53,"금속 문, 창, 셔터 및 관련제품 제조업 외 1 종",055-345-2611,055-345-2710,2,"크레인, 호이스트",2022-08-10
한성텍스타일(주),도준우,경상남도 밀양시 부북면 사포공단1길 8 (총 3 필지) 외 2필지,모 방적업,055-353-9871,055-353-9873,41,방모사,2022-08-10
한영금속공업(주),곽시영,경상남도 밀양시 하남읍 하남산단로 109,선철주물 주조업 외 2 종,055-391-3161,051-325-3165,37,자동차부품 주물소재,2022-08-10
한영목재,김병주,경상남도 밀양시 삼랑진읍 율동리 197-17번지,목재 깔판류 및 기타 적재판 제조업,055-355-2109,055-355-1109,3,목재포장용상자,2022-08-10
한일기업합자회사,배성한,경상남도 밀양시 상남면 상남로 1095,기타 목재가구 제조업 외 1 종,055-354-9990,055-355-5775,23,"학생용책상 걸상,도서실집기류",2022-08-10
한일지관공업사,지형수,경상남도 밀양시 진장2길 4-1 (삼문동),"적층, 합성 및 특수표면처리 종이 제조업",,055-356-4286,4,골판지,2022-08-10
한일프라스틱,구기홍,경상남도 밀양시 삼랑진읍 우곡1길 89 외 2필지,기타 건축용 플라스틱 조립제품 제조업,055-345-6969,055-354-3850,2,플라스틱 창호,2022-08-10
한황산업(주)밀양공장,박준흠,경상남도 밀양시 하남읍 양동리 828-1번지,선철주물 주조업 외 1 종,055-548-0700,051-980-6781,59,자동차 부품 외,2022-08-10
헤펠레목공방,서동훈,경상남도 밀양시 용평로 207 (용평동),주방용 및 음식점용 목재가구 제조업,,055-353-9168,0,가구 등,2022-08-10
현대오토솔루션(주),추병두,경상남도 밀양시 부북면 사포산단1길 90-11,자동차 차체용 신품 부품 제조업 외 2 종,055-351-0101,055-351-0663,61,자동차 샤시제용 도어 임팩드바,2022-08-10
현대테크,김진국,경상남도 밀양시 초동면 초동로 33,육상 금속 골조 구조재 제조업 외 1 종,055-391-5233,055-391-5234,1,철구조물,2022-08-10
협성섬유공업사,노형식,경상남도 밀양시 하남읍 양동농공단지길 57-18,화학섬유 방적업,055-391-5172,055-391-5168,10,의류용 원사,2022-08-10
협진엔지니어링,최연학,경상남도 밀양시 삼랑진읍 미전농공단지길 69,그 외 자동차용 신품 부품 제조업 외 3 종,055-338-8778,055-338-8780,32,자동차부품,2022-08-10
형제요업,홍정식,경상남도 밀양시 부북면 사포로 452,정형 내화 요업제품 제조업 외 1 종,055-354-0025,55,0,"세라믹벽돌,세라믹팩",2022-08-10
호진산업(주),이수용,경상남도 밀양시 삼랑진읍 용전산업단지길 89,그 외 기타 분류 안된 비금속 광물제품 제조업 외 3 종,055-352-5366,055-352-5369,23,제강용 부자재,2022-08-10
혹스인더스트리 주식회사,장수연,경상남도 밀양시 삼랑진읍 단장로 61 외 1필지,기타 플라스틱 발포 성형제품 제조업,055-343-1331,055-351-1803,4,고밀도 우레탄 블럭,2022-08-10
홍스틸(주)밀양공장,김채홍,"경상남도 밀양시 부북면 사포산단1길 90-34, 홍스틸(주) 밀양공장",금속 단조제품 제조업 외 4 종,055-356-4161,055-356-9162,22,자동차 부품 외,2022-08-10
화 세라믹스,김종호,경상남도 밀양시 상남면 이연1길 23-26 외 1필지,그 외 기타 전자부품 제조업 외 1 종,055-356-6318,,5,반도체 장비부품,2022-08-10
화성스텐,윤명식,경상남도 밀양시 삼랑진읍 미전농공단지길 41,그 외 기타 분류 안된 금속 가공 제품 제조업 외 5 종,055-351-3189,,0,자동차부품 및 스텐레스 등,2022-08-10
환경에너지솔루션㈜,이용현,경상남도 밀양시 삼랑진읍 미율로 405,액체 여과기 제조업,031-785-1052,031-785-1009,6,액체여과기,2022-08-10
황금제과,정정두,경상남도 밀양시 산외면 남기동길 181,빵류 제조업 외 1 종,055-354-3756,055-354-3754,3,곡분과자등,2022-08-10
효원산업,안미옥,경상남도 밀양시 산외면 엄광중앙로 80,육상 금속 골조 구조재 제조업,055-354-1576,055-354-1556,2,철구조물 건설가설자재,2022-08-10
힉스,김선빈,경상남도 밀양시 초동면 신연로 246-1 외 2필지,배전반 및 전기 자동제어반 제조업,051-831-8455,0504-154-7250,1,컨트롤판넬,2022-08-10
