순번,회사명,대표자명,전화번호,팩스번호,공장대표주소,업종명,생산품,데이터기준일
1,넥센타이어(주) 창녕공장,강호찬,055-370-5114,055-386-8962,"경상남도 창녕군 대합면 대동월포로 291, 넥센타이어(주) 창녕공장(이방리 992번지)",타이어 및 튜브 제조업,타이어 및 튜브,2021-10-07
2,(주)세아베스틸,김철희,055-530-8500,055-530-8543,"경상남도 창녕군 대합면 대합산업단지로 100, (주)세아베스틸",제강업 외 1 종,특수강,2021-10-07
3,보그워너창녕 유한책임회사,김동희,055-520-2000,055-520-2094,경상남도 창녕군 계성면 명리길 78 외 4필지,자동차 엔진용 신품 부품 제조업 외 1 종,"내연기관용전장품(Starter,Alternator)",2021-10-07
4,(주)디케이오스텍 창녕공장,김학규,055-521-9091,051-727-7077,경상남도 창녕군 장마면 초곡길 235-24 (총 2 필지) 외 1필지,그 외 자동차용 신품 부품 제조업 외 4 종,자동차부품,2021-10-07
5,(주)센트랄 영산공장,"강태룡, 윤용호",055-520-3000,070-4275-1267,경상남도 창녕군 영산면 서리상촌길 307-106,그 외 자동차용 신품 부품 제조업 외 4 종,자동차 조향 및 현가장치 부품,2021-10-07
6,(주)SUN&L 창녕공장,서성교,055-294-8801,,경상남도 창녕군 도천면 일리 418 외 3필지,포장용 플라스틱 성형용기 제조업 외 1 종,생활용품 플라스틱 pump&spray,2021-10-07
7,(주)센트랄 영산AM공장,"윤용호, 이호영",055-520-0200,055-520-0297,경상남도 창녕군 영산면 서리상촌길 307-50,그 외 자동차용 신품 부품 제조업 외 3 종,자동차부품,2021-10-07
8,(주)가야이에스씨,윤병국,055-532-0080,055-532-8901,경상남도 창녕군 대합면 이방대합로 1132 (총 5 필지) 외 8필지,기타 구조용 금속제품 제조업,"철구조물, BH제작, 금속부착물 외",2021-10-07
9,(주)지앤,박용주,055-536-9050,055-536-9050,경상남도 창녕군 영산면 서리상촌길 307-21,그 외 자동차용 신품 부품 제조업 외 4 종,연료필터 히터 및 센서,2021-10-07
10,구인전자(주),최주봉,055-526-6040,055-526-6044,경상남도 창녕군 남지읍 마산리 745-1번지,그 외 기타 전자부품 제조업 외 1 종,전자관,2021-10-07
11,(주)성일엠텍,장주영,055-521-1712,055-526-1712,경상남도 창녕군 영산면 서리 534번지,자동차 엔진용 신품 부품 제조업 외 1 종,"자동차엔진부품,태양력발전업",2021-10-07
12,(주)성일엠텍,장주영,055-521-1712,055-526-1712,경상남도 창녕군 영산면 서리 534번지,자동차 엔진용 신품 부품 제조업 외 1 종,"자동차엔진부품,태양력발전업",2021-10-07
13,(주)센트랄씨엠에스,권혁지,055-530-5611,055-533-5603,경상남도 창녕군 영산면 서리상촌길 307-29,자동차용 신품 조향장치 및 현가 장치 제조업,자동차 조향장치,2021-10-07
14,(주)금오중공업,김태규,055-521-5700,055-521-4700,경상남도 창녕군 영산면 서리상촌길 94,육상 금속 골조 구조재 제조업 외 3 종,크레인,2021-10-07
15,(주)협동정공,문영훈,055-532-5360,055-532-1938,경상남도 창녕군 대합면 평지리 996번지 외 1필지,"탭, 밸브 및 유사장치 제조업","밸브,금속관이음쇠",2021-10-07
16,(주)동림식품,최무영,055-536-4653,055-536-6620,경상남도 창녕군 계성면 계성장마로 250-18,"수산동물 훈제, 조리 및 유사 조제식품 제조업 외 2 종","농수산물통조림,농산물통조림, 카레, 짜장소스 통조림",2021-10-07
17,농업회사법인(주)영남엘피씨,황용주,055-533-1846,055-532-3263,경상남도 창녕군 대지면 효정리 432-1번지 외 14필지,육류 도축업(가금류 제외) 외 2 종,임가공품,2021-10-07
18,아이에스동서(주) 창녕지점,"정원호,김갑진,허석헌",055-532-1801,055-532-5730,경상남도 창녕군 대합면 우포2로 654 (동서산업),콘크리트 관 및 기타 구조용 콘크리트 제품 제조업,콘크리트파일,2021-10-07
19,(주)신화열처리,장형규,055-530-9900,055-530-9999,"경상남도 창녕군 대합면 대합산업단지로 38-43, (1392번지) 외 1필지",자동차용 신품 동력전달장치 제조업,자동차 미션 부품,2021-10-07
20,(주)영신티알,박남주,055-342-4611,055-526-1712,경상남도 창녕군 영산면 서리상촌길 307-7,자동차 엔진용 신품 부품 제조업 외 1 종,구동장치고무제품,2021-10-07
21,(주)성일엠텍,장주영,055-521-1712,,경상남도 창녕군 영산면 서리상촌길 307-113,그 외 기타 고무제품 제조업,피스톤핀,2021-10-07
22,(주)화인베스틸,장인화,055-259-2024,055-259-2020,경상남도 창녕군 창녕읍 창밀로 259-33 외 1필지,열간 압연 및 압출 제품 제조업,조선용형강,2021-10-07
23,주식회사 대성파인텍,김병준,055-289-4883,055-289-4890,경상남도 창녕군 계성면 영산계성로 560,그 외 자동차용 신품 부품 제조업 외 17 종,자동차샤시 등,2021-10-07
24,디에이치튜브주식회사,이하균,055-532-8462,,경상남도 창녕군 성산면 후천리 504번지 외 2필지 외 2필지,그 외 자동차용 신품 부품 제조업 외 4 종,엔진용파워트레인,2021-10-07
25,(주)에이원(제2공장),강현,055-536-7200,055-536-7204,경상남도 창녕군 계성면 명리길 66 외 1필지,광학렌즈 및 광학요소 제조업,휴대폰카메라 모듈(렌즈),2021-10-07
26,(주)미래테크-1공장,김동우,055-532-6534,055-532-6538,경상남도 창녕군 성산면 후천공단길 37,그 외 자동차용 신품 부품 제조업 외 3 종,자동차 에어콘용 콤프레샤부품,2021-10-07
27,(주)화성,박철민,055-532-3979,055-532-3981,경상남도 창녕군 성산면 후천공단길 23,그 외 자동차용 신품 부품 제조업 외 3 종,자동차부품,2021-10-07
28,디에이치튜브(주),이하균,055-532-8462,055-532-8465,경상남도 창녕군 성산면 후천공단길 29 (총 3 필지) 외 2필지,그 외 자동차용 신품 부품 제조업 외 4 종,자동차부품,2021-10-07
29,영진기계(주),박태형,055-532-0871,055-532-0874,경상남도 창녕군 창녕읍 창녕공단길 40 (영진기계주식회사),농업 및 임업용 기계 제조업,농업용기계,2021-10-07
30,하이에어코리아(주),김근배,055-340-5139,055-346-3301,경상남도 창녕군 도천면 송진리 868번지,선박 구성 부분품 제조업,선박용 구성품,2021-10-07
31,(주)유일,한영홍,055-532-4741,055-532-7771,"경상남도 창녕군 대합면 대합공단길 46, 대합농공단지내",복합비료 및 기타 화학비료 제조업,복합비료,2021-10-07
32,(주)시코텍,이승림,055-533-9971,,경상남도 창녕군 대합면 대합산업단지로 95,"알루미늄 제련, 정련 및 합금 제조업",알루미늄 합금,2021-10-07
33,(주)이노폴,윤범식,055-520-9000,055-521-7011,경상남도 창녕군 계성면 준공업단지길 16 (총 4 필지) 외 3필지,일반용 도료 및 관련제품 제조업,분체도료용 원료,2021-10-07
34,(주)센트랄씨엠에스,권혁지,055-530-5600,055-530-5603,경상남도 창녕군 대합면 합리 1388번지 외 1필지,그 외 자동차용 신품 부품 제조업 외 3 종,터보차처 콤푸레샤 하우징,2021-10-07
35,(주)태현,박병출,055-532-3880,055-532-3882,경상남도 창녕군 대합면 대합공단길 35-7,절삭가공 및 유사처리업,절삭가공품,2021-10-07
36,(주)코리아모던메탈,김학규,055-521-3081,,경상남도 창녕군 장마면 초곡길 235-24,그 외 자동차용 신품 부품 제조업 외 3 종,자동차부품,2021-10-07
37,대유중공업(주),백귀성,055-533-5700,051-259-2020,경상남도 창녕군 대합면 평지퇴산로 239 외 1필지,그 외 기타 1차 철강 제조업,"철근,H빔, 구조물조립",2021-10-07
38,(주)화인베스틸,장재훈,,,경상남도 창녕군 고암면 억만리 1599번지,기타 과실ㆍ채소 가공 및 저장 처리업,철강제조/가공,2021-10-07
39,농업회사법인 뉴그린푸드(주),신용재,055-521-7733,055-532-3711,경상남도 창녕군 계성면 신당리 78-3 번지 외 4필지,육상 금속 골조 구조재 제조업 외 1 종,엑기스,2021-10-07
40,대한파카라이징(주),오노순 외 2,02-333-5821,,경상남도 창녕군 계성면 명리 232번지 외 2필지 외 2필지,그 외 기타 분류 안된 화학제품 제조업 외 2 종,금속표면처리제,2021-10-07
41,제일케미텍(주),오천근,055-532-8705,055-343-7507,경상남도 창녕군 대합면 수장퇴산로 77 (총 3 필지) 외 2필지,알루미늄주물 주조업,자동차공조기부품,2021-10-07
42,(주)엘엠에이티,서희식,055-343-7511,055-343-7507,경상남도 창녕군 대합면 대합산업단지로 87,알루미늄주물 주조업,알루미늄 주물,2021-10-07
43,(주)엘엠에이티,서희식,055-343-7511,055-532-8708,경상남도 창녕군 대합면 대합산업단지로 79,폴리스티렌 발포 성형제품 제조업 외 1 종,알루미늄주물,2021-10-07
44,삼진정밀(주),백선교,055-536-1545,055-536-1547,경상남도 창녕군 장마면 영산장마로 37 (총 22 필지) 외 38필지,그 외 자동차용 신품 부품 제조업 외 3 종,자동차용시동모타부품,2021-10-07
45,(주)영화,김영화,053-582-8600,053-582-8682,경상남도 창녕군 대합면 대합산업단지로 38-19 외 1필지,기타 구조용 금속제품 제조업,샌드위치 판넬,2021-10-07
46,금강공업(주),이범호,051-264-8881,051-264-2923,경상남도 창녕군 계성면 광계마을길 149-16 외 8필지,기타 구조용 금속제품 제조업 외 1 종,"철구조물,조선기자재",2021-10-07
47,주식회사 베인-1공장,강동래,070-7708-7727,,경상남도 창녕군 영산면 서리상촌길 37,그 외 자동차용 신품 부품 제조업 외 3 종,"베어링, 샤후드, 폴, 방진링",2021-10-07
48,대진정밀(주),박  춘,055-532-9927,055-536-7200,경상남도 창녕군 성산면 후천공단길 27,광학렌즈 및 광학요소 제조업,자동차부품,2021-10-07
49,(주)태일송풍기,이춘성,055-521-7300,055-521-6977,경상남도 창녕군 도천면 적말길 50,선박 구성 부분품 제조업,선박용 구성품,2021-10-07
50,신우중공업(주),안병구,055-532-8300,055-532-9930,경상남도 창녕군 대지면 대지농공단지길 6,그 외 자동차용 신품 부품 제조업 외 3 종,"산업기계,펌프,크레인등",2021-10-07
51,(주)에이원,강현,055-536-7200,055-532-8360,경상남도 창녕군 계성면 준공업단지길 32-7 (총 4 필지) 외 3필지,액체 펌프 제조업 외 10 종,휴대폰카메라 모듈,2021-10-07
52,(주)신라명과,"조영장,안희철",055-532-0404,055-532-1944,경상남도 창녕군 대합면 대합공단길 21,과자류 및 코코아 제품 제조업,"빵,과자",2021-10-07
53,(주)경안금속,정운교,053-615-9952,053-615-9797,경상남도 창녕군 대합면 대합산업단지로 120-19,그 외 기타 달리 분류되지 않은 운송장비 제조업,운송장비 시동모터 커버,2021-10-07
54,(주)JK알에스티,정용규,055-532-3214,055-532-3243,"경상남도 창녕군 대지면 대지농공단지길 24-32, (대지농공단지)",배전반 및 전기 자동제어반 제조업,배전반,2021-10-07
55,(주)디에이치,조진환,055-526-6297,051-747-1043,경상남도 창녕군 영산면 월령공장길 94,알루미늄주물 주조업 외 1 종,"철구조물,잡철물",2021-10-07
56,(주)대왕,남천희,055-521-3425,055-521-3420,경상남도 창녕군 영산면 신제로 69 (총 3 필지) 외 2필지,선박 구성 부분품 제조업,"선박부품,플랜트",2021-10-07
57,(주)금경라이팅,김금연,055-602-2222,055-526-1241,경상남도 창녕군 대합면 합리 1342번지 외 1필지,육상 금속 골조 구조재 제조업 외 1 종,알루미늄 다이케스팅,2021-10-07
58,(주)한국정밀,이성희,055-532-4442,055-533-6505,경상남도 창녕군 대합면 대합산업단지로 38-56,자동차 엔진용 신품 부품 제조업 외 1 종,Chain Sprocket,2021-10-07
59,(주)삼진플랜텍,강원구,,055-521-5590,경상남도 창녕군 장마면 계성장마로 165 외 5필지,선박 구성 부분품 제조업,"piping,철구조물",2021-10-07
60,동해기계(주) 창녕지점,장경수,055-521-3235,055-521-3236,경상남도 창녕군 영산면 영산월령로 353 외 8필지,건설 및 채광용 기계장비 제조업,철판(굴삭기부품),2021-10-07
61,엘티에스코리아주식회사,박세훈,055-536-6191,,"경상남도 창녕군 계성면 명리길 58, 외2","증류기,열교환기및가스발생기제조업",에어컨부품,2021-10-07
62,주식회사 베인-2공장,강동래,070-7708-7727,055-521-0821,경상남도 창녕군 영산면 서리상촌길 37,김치류 제조업 외 1 종,배인,2021-10-07
63,(주)신암,한동수,055-287-3505,055-526-2573,경상남도 창녕군 영산면 서리상촌길 307-67,"면류, 마카로니 및 유사식품 제조업 외 2 종",자동차부품,2021-10-07
64,시라준비,최시철,055-532-2388,055-521-7501,경상남도 창녕군 대합면 둔지길 29-12 (총 7 필지) 외 3필지,기타 가공 공작기계 제조업,폴리에스텔,2021-10-07
65,(주)성진식품,김성곤,055-526-1230,055-536-0393,경상남도 창녕군 남지읍 솔밭길 27,금속 열처리업,"당면, 냉면",2021-10-07
66,(주)에이치엔티,최진권,055-536-1963,055-532-2388,경상남도 창녕군 계성면 준공업단지길 14 외 1필지,특수 직물 및 기타 직물 직조업,금속열처리 등,2021-10-07
67,(주)나래푸드,"배을기,김소현",055-521-8081,055-536-8823,경상남도 창녕군 계성면 계성장마로 380,그 외 자동차용 신품 부품 제조업 외 3 종,김치,2021-10-07
68,(주)미래테크-2공장,김동우,055-532-6534,053-611-6066,경상남도 창녕군 성산면 후천공단길 38,그 외 자동차용 신품 부품 제조업 외 3 종,자동차 에어콘용 콤퓨레샤부품,2021-10-07
69,엠에스전자,김만식,055-536-1560,055-532-6538,경상남도 창녕군 도천면 도천중앙로 39-5,그 외 자동차용 신품 부품 제조업 외 3 종,전자부품,2021-10-07
70,(주)대우경금속,김도연,055-533-0013,,경상남도 창녕군 대합면 합리 1418번지,금속 열처리업,"자동차발판, 변속기 로터 등",2021-10-07
71,농업회사법인(주)해드림푸드,황용주,055-532-6620,055-532-6220,경상남도 창녕군 대지면 경남대로 4897-41,육류 기타 가공 및 저장처리업 (가금류 제외) 외 1 종,2차 가공육,2021-10-07
72,(주)원창,김봉락,055-536-1963,055-536-1560,경상남도 창녕군 계성면 준공업단지길 14 외 1필지,그 외 기타 전자부품 제조업 외 1 종,금속열처리 등,2021-10-07
73,세현 주식회사,전재원,053-617-3330,053-617-3830,경상남도 창녕군 대합면 합리 1420번지,그 외 자동차용 신품 부품 제조업,자동차용 밴드 케이블,2021-10-07
74,우리스틸(주),김병준,055-533-3101,054-382-3799,경상남도 창녕군 대합면 대합산업단지로 120-25,육상 금속 골조 구조재 제조업 외 1 종,"강관, 각관, 금속구조재",2021-10-07
75,동광전자,정주영,055-532-0596,0303-3447-8201,경상남도 창녕군 창녕읍 창녕대로 98,구조용 금속 판제품 및 공작물 제조업 외 2 종,컴퓨터부품,2021-10-07
76,대흥기업(주),조병근,055-286-6283,070-8677-1286,경상남도 창녕군 영산면 월령공장길 94 외 2필지,"알루미늄 제련, 정련 및 합금 제조업 외 1 종",철골조립제품,2021-10-07
77,(주)케이엠씨,차재도,055-760-9905,,경상남도 창녕군 영산면 영산도천로 466 외 11필지,부직포 및 펠트 제조업,지게차용 변속기 조립품,2021-10-07
78,(주)디에스피,이승인,055-521-4488,055-521-3460,경상남도 창녕군 도천면 논리우강길 395 (총 13 필지) 외 12필지,육상 금속 골조 구조재 제조업 외 1 종,데크플레이트,2021-10-07
79,(주)우영공업,임태근,053-614-9830,053-614-9833,경상남도 창녕군 대합면 합리 1420-1번지,자동차 차체용 신품 부품 제조업 외 1 종,자동차 부분품/내장재,2021-10-07
80,(주)다우,김규진,055-533-1286,055-754-0990,경상남도 창녕군 대합면 대합산업단지로 68-51,산업용 트럭 및 적재기 제조업,알루미늄 튜브외,2021-10-07
81,삼호아이앤디(주),"신현철,신상철",051-601-1600,,경상남도 창녕군 대합면 경남대로 5398,육상 금속 골조 구조재 제조업 외 1 종,철구조물,2021-10-07
82,(주)두남에스에이,정병길,055-530-4460,055-532-0598,경상남도 창녕군 대지면 도양새우등길 57,기타 주변기기 제조업,"펠트,차동차내장재",2021-10-07
83,(유)신한코리아,박갑순,055-520-8200,051-601-1616,경상남도 창녕군 남지읍 낙동로 325,육상 금속 골조 구조재 제조업 외 2 종,"SMC 도어, Ecowall판넬",2021-10-07
84,(주)넥스트씨엔디,강종련,055-536-3213,055-526-5584,경상남도 창녕군 장마면 강리길 67 (총 2 필지) 외 1필지,레미콘 제조업,공작기계,2021-10-07
85,(주)기영,이정희,055-526-5555,055-521-2943,경상남도 창녕군 영산면 월령공장길 61,일반 제재업,레미콘,2021-10-07
86,(주)남창,남주영,055-521-2941,055-536-3218,경상남도 창녕군 영산면 도천중앙로 203 외 6필지,금속 절삭기계 제조업,제재목,2021-10-07
87,케이원스틸(주),김정수,,055-532-0953,경상남도 창녕군 대합면 모전로 277 (총 3 필지),그 외 자동차용 신품 부품 제조업 외 3 종,용접철망,2021-10-07
88,(주)다이나맥 창녕공장,전진규,055-532-0951,055-532-1144,경상남도 창녕군 대합면 대합공단길 36-11,철강선 제조업 외 3 종,SOLENOID,2021-10-07
89,(주)현대성형기,장성봉,055-532-4200,,경상남도 창녕군 대합면 대합공단길 35-8,기타육지동물고기가공및저장처리업,사출성형기,2021-10-07
90,(주)동창,김신곤,055-533-9133,,경상남도 창녕군 대지면 효정리 432-1번지 외 11필지,"고무, 화학섬유 및 플라스틱 성형기 제조업 외 1 종",육지동물가공품,2021-10-07
91,삼성정기(주),권대건,055-532-1164,055-532-0366,경상남도 창녕군 창녕읍 창녕공단길 29,농업 및 임업용 기계 제조업,농업용기계부품,2021-10-07
92,(주)젬텍 창녕공장,이수용,055-587-1641,055-587-1646,경상남도 창녕군 영산면 서리상촌길 307-50,그 외 자동차용 신품 부품 제조업,냉간단조품,2021-10-07
93,에이스정밀(주),김찬식,,053-614-4555,경상남도 창녕군 영산면 서리상촌길 307-47,기타 건축용 플라스틱 조립제품 제조업,"차량용피스톤,소켓",2021-10-07
94,주식회사 대화포징,강대일,055-521-4590,055-533-2010,경상남도 창녕군 영산면 서리상촌길 307-15,육류 기타 가공 및 저장처리업 (가금류 제외) 외 1 종,자동차부품,2021-10-07
95,하이에어코리아(주),김근배,055-530-8801,055-526-5431,경상남도 창녕군 도천면 송진리 866번지,골판지 제조업 외 1 종,선박용 구성품,2021-10-07
96,(주)천우이.피.에스,서태진,053-614-8888,,경상남도 창녕군 대합면 합리 1304번지 (4-2블록),기타 과실ㆍ채소 가공 및 저장 처리업,건축용스치로폼,2021-10-07
97,영남스틸(주),허충도,055-532-8189,,경상남도 창녕군 대합면 모전리 669-1번지,그 외 자동차용 신품 부품 제조업 외 3 종,가공철근(H빔),2021-10-07
98,농업회사법인 (주)셀바이오랩,박중협,070-4105-0997,,경상남도 창녕군 대지면 대지농공단지길 24-47,육상 금속 골조 구조재 제조업 외 1 종,건강식품용 과즙 등,2021-10-07
99,(주)한울맘,김신곤,055-533-9133,,경상남도 창녕군 대지면 경남대로 4897-51,금속 단조제품 제조업,육류,2021-10-07
100,남지농협 박스공장,남지농협장,055-526-5624,055-530-8880,경상남도 창녕군 남지읍 성사관동길 22,선박 구성 부분품 제조업,골판지상자,2021-10-07
101,(주)산마을,신영승,055-521-7550,055-521-5802,경상남도 창녕군 장마면 창녕장마로 427 외 1필지,기타 과실ㆍ채소 가공 및 저장 처리업,생식품,2021-10-07
102,태영산업전기,손근수,055-536-2153,051-508-6362,경상남도 창녕군 장마면 강리길 67,그 외 기타 특수목적용 기계 제조업 외 10 종,"배전반, 자동제어기",2021-10-07
103,(주)한국종합플랜트,장영일,055-521-9610,055-536-2154,경상남도 창녕군 영산면 영산월령로 377 외 1필지,배전반 및 전기 자동제어반 제조업,"산업기계,환경플랜트",2021-10-07
104,(주)한일,여승숙,055-521-2291,055-521-0789,경상남도 창녕군 도천면 영산도천로 88 외 13필지,구조용 금속 판제품 및 공작물 제조업,"레미콘, 기포콘크리트",2021-10-07
105,(주)장수원,최성일,055-533-5025,055-521-3380,경상남도 창녕군 대지면 경남대로 4897-51,콘크리트 관 및 기타 구조용 콘크리트 제품 제조업,"한우, 돈육 포장육",2021-10-07
106,(주)삼성콘크리트,이명춘,055-521-3381,055-532-5024,경상남도 창녕군 계성면 준공업단지길 11,육류 포장육 및 냉동육 가공업 (가금류 제외),철도침목,2021-10-07
107,(주) 광진,김문숙,055-521-0788,055-521-2295,경상남도 창녕군 계성면 영산계성로 590,레미콘 제조업 외 2 종,"해치,격판,플랜트,저장탱크류",2021-10-07
108,한립기계,한기형,055-521-1220,055-536-4847,경상남도 창녕군 계성면 명리월평길 61-61 (총 6 필지),"전기회로 개폐, 보호장치 제조업 외 1 종",고압차단기부품 및 브레이크,2021-10-07
109,한국기계부품(주),송왕빈,055-536-1220,055-536-4878,경상남도 창녕군 계성면 명리월평길 61-61,"전기회로 개폐, 보호장치 제조업 외 1 종",고압차단기부품 및 브레이크 제조,2021-10-07
110,우남기업,신흥식,055-536-4008,055-533-8673,경상남도 창녕군 영산면 신제리 629번지,"도금, 착색 및 기타 표면처리강재 제조업",농기계제조(바이스),2021-10-07
111,삼성스틸(주),이경수,055-533-8671,055-536-4009,경상남도 창녕군 대지면 도양새우등길 19 외 2필지,농업 및 임업용 기계 제조업,수도용 피복강관,2021-10-07
112,지지스틸(주),문성호,055-521-4690,055-521-5201,경상남도 창녕군 영산면 월령공장길 89,그 외 기타 1차 철강 제조업,철근가공품,2021-10-07
113,(주)에스텍,이종보,055-533-9161,055-521-1849,경상남도 창녕군 창녕읍 창녕장마로 543-1 외 2필지,트레일러 및 세미트레일러 제조업 외 1 종,라지에이터,2021-10-07
114,(주)극동,전용필,055-521-1850,,경상남도 창녕군 장마면 창녕장마로 321 (총 3 필지) 외 2필지,그 외 기타 1차 철강 제조업,컨테이너,2021-10-07
115,(주)대명스틸,장희수,055-536-9024,055-346-4894,경상남도 창녕군 영산면 월령리 32번지 외 11필지 외 11필지,선박 구성 부분품 제조업,"건축철골, 금속재 빔구조물",2021-10-07
116,부남애프앤비,정순엽,055-526-1513,,경상남도 창녕군 영산면 신제로 97-38,선박 구성 부분품 제조업 외 1 종,"갈비타,삼계탕,곰탕",2021-10-07
117,남현테크(주),김해용,055-536-0611,,경상남도 창녕군 영산면 서리상촌길 37,육상 금속 골조 구조재 제조업 외 1 종,실린더,2021-10-07
118,(주)천호비디이엔지,이상봉,055-521-3009,055-533-9164,경상남도 창녕군 영산면 서리상촌길 307-81,그 외 자동차용 신품 부품 제조업 외 3 종,유압부품,2021-10-07
119,(주)약동산업,권흥석,,,경상남도 창녕군 영산면 봉암리 82-1번지 외 2필지,"탭, 밸브 및 유사장치 제조업",철구조물,2021-10-07
120,(주)다스코,이근영,055-346-4895,055-532-9879,경상남도 창녕군 도천면 적말길 53,연사 및 가공사 제조업,선박용 소음기 외,2021-10-07
121,농업회사법인 선샘(주),박홍철,,055-526-1574,경상남도 창녕군 도천면 덕곡리 412-1번지 외 1필지,"플라스틱 선, 봉, 관 및 호스 제조업 외 1 종","참기름,볶음깨,양파슬라이스",2021-10-07
122,JS밸브,이미연,,,경상남도 창녕군 도천면 경남대로 3133 외 1필지,"탭, 밸브 및 유사장치 제조업","밸브,배관자재",2021-10-07
123,(주)금화스틸,유덕순,055-716-0145,055-536-0613,경상남도 창녕군 도천면 경남대로 3103 외 4필지,그 외 자동차용 신품 부품 제조업 외 3 종,가공철근,2021-10-07
124,일성테크,고용운,055-532-5628,055-000-0000,경상남도 창녕군 대합면 합리 1412-1번지,식물성 유지 제조업 외 1 종,약품분배기 프레임 가공품,2021-10-07
125,정림철강(주),김종문,054-751-8530,055-382-8827,경상남도 창녕군 대합면 합리 1411번지,기타 곡물 가공품 제조업 외 1 종,"C형관, 각관",2021-10-07
126,(주)태창섬유,안진희,055-532-9879,055-526-1514,경상남도 창녕군 대합면 둔지길 30-17 (총 2 필지) 외 1필지,육류 기타 가공 및 저장처리업 (가금류 제외) 외 2 종,"장섬유, 연사",2021-10-07
127,(주)휴텍,권현달,055-526-1571,055-521-6003,경상남도 창녕군 남지읍 낙동로 312 (총 10 필지) 외 9필지,김치류 제조업 외 1 종,PVC원재료,2021-10-07
128,영주식품,김상호,055-521-6000,055-532-8628,경상남도 창녕군 계성면 영산계성로 326 외 1필지,그 외 기타 금속가공업,김치류,2021-10-07
129,한립기계,한기형,055-521-1224,054-751-8590,경상남도 창녕군 계성면 명리 432-1번지 외 4필지 외 4필지,기타 구조용 금속제품 제조업,개폐장치및보호장치,2021-10-07
130,농업회사법인 영마루 주식회사,최금선,055-366-9811,055-536-8875,경상남도 창녕군 계성면 관동마을길 17 외 1필지,"전기회로 개폐, 보호장치 제조업 외 1 종","누룽지, 누룽지기계",2021-10-07
131,(주)태영라이텍,김명섭,055-536-3322,055-536-5451,경상남도 창녕군 영산면 영산도천로 476-19 (총 2 필지) 외 1필지,그 외 자동차용 신품 부품 제조업 외 4 종,조명기기 및 부품,2021-10-07
132,(주)진성인더스트리,배중목,051-323-6087,053-352-1270,경상남도 창녕군 영산면 서리상촌길 307-89,자동차 차체용 신품 부품 제조업,케이블트레이,2021-10-07
133,(주)유림테크 창녕공장,조현호,055-933-6255,055-933-6256,경상남도 창녕군 대합면 대합산업단지로 68-54,자동차 엔진용 신품 부품 제조업,자동차 엔진 하우징,2021-10-07
134,(주)우리들하이텍,김충근,055-532-1280,,경상남도 창녕군 대합면 대합산업단지로 38-45,육상 금속 골조 구조재 제조업 외 2 종,"DR BRKT류, COWL BRKT 류",2021-10-07
135,우신농업회사법인(주),이동일,055-532-7876,055-536-3371,"경상남도 창녕군 대지면 경남대로 4897-14, 2층",기타 조명장치 제조업 외 1 종,축산물,2021-10-07
136,(주)에스에스티,김종락,,055-532-7874,경상남도 창녕군 계성면 계성장마로 350 외 2필지,육류 포장육 및 냉동육 가공업 (가금류 제외),"자동차용 신품부품, 차체용 신품부품",2021-10-07
137,(주)벽진피앤티,이종학,,054-954-9211,경상남도 창녕군 영산면 월령공장길 90,철도차량 부품 및 관련 장치물 제조업,글라스울판넬,2021-10-07
138,(주)진성이엔지,김인현,055-536-2825,,경상남도 창녕군 영산면 서리상촌길 307-76,구조용 금속 판제품 및 공작물 제조업,조향장치,2021-10-07
139,(주)에이치엠티,허좌영,055-521-7795,,경상남도 창녕군 영산면 서리상촌길 307-33,그 외 자동차용 신품 부품 제조업 외 3 종,변속기부품,2021-10-07
140,상원테크,이상원,,,경상남도 창녕군 도천면 도천리 643번지,그 외 자동차용 신품 부품 제조업 외 3 종,중장비부품,2021-10-07
141,광희테크,최정관,053-551-2803,053-551-2805,경상남도 창녕군 대합면 합리 1415번지,배전반 및 전기 자동제어반 제조업,배전반 및 전기자동제어반,2021-10-07
142,대합이엔씨,오형석,,053-629-6867,경상남도 창녕군 대합면 합리 1415-2번지,배전반 및 전기 자동제어반 제조업,배전반 및 전기자동제어반,2021-10-07
143,(주)동성,박치현,,,경상남도 창녕군 대합면 대합산업단지로 120-7,그 외 기타 1차 철강 제조업,철도차량부품,2021-10-07
144,블루홀딩스(주),김경태,055-536-0911,055-533-9043,경상남도 창녕군 장마면 장마고곡로 177-44,산업용 송풍기 및 배기장치 제조업,플라스틱 식품용기(15L 간장 포장통),2021-10-07
145,씨엘(주),김승수,055-264-9985,,경상남도 창녕군 장마면 장마고곡로 177-22 외 1필지,그 외 자동차용 신품 부품 제조업 외 3 종,쿠킹박스(샐러드외),2021-10-07
146,(주)대원기업,김기덕,,055-521-0250,경상남도 창녕군 장마면 동정리 26-4번지 외 5필지,건설 및 채광용 기계장비 제조업,"자동차부품(응축기,증발기)",2021-10-07
147,화인메탈(주),한진복,055-521-7898,,경상남도 창녕군 영산면 영산월령로 86,육상 금속 골조 구조재 제조업 외 1 종,"엘리베이트부품제작, 산업용오븐,노및 노용버너제작",2021-10-07
148,(주)아이언창녕,김용근,055-521-0240,055-536-8834,경상남도 창녕군 영산면 영산도천로 448,금속 절삭기계 제조업 외 2 종,트럭 적재함,2021-10-07
149,대창정밀(주),신현수,055-532-1371,055-533-8559,경상남도 창녕군 성산면 후천공단길 34,육류 기타 가공 및 저장처리업 (가금류 제외) 외 1 종,자동차부품,2021-10-07
150,(주)한맥기계(1공장),구두회,055-536-8866,055-532-1370,경상남도 창녕군 도천면 논리 388번지 외 3필지,그 외 자동차용 신품 부품 제조업 외 3 종,산업용배관,2021-10-07
151,(주)진명금속자원,진동규,,,경상남도 창녕군 대합면 합리 1421번지,선박 구성 부분품 제조업,철구조물,2021-10-07
152,델타캐스트(주)대합공장,김종열,055-532-9621,055-533-0222,경상남도 창녕군 대합면 대합산업단지로 120-7,기타 건축용 나무제품 제조업,선박부품,2021-10-07
153,(주)해드림에프에스,황용주,055-533-8552,055-536-0913,경상남도 창녕군 대지면 효정리 322-3번지 외 3필지,포장용 플라스틱 성형용기 제조업,"순대,족발,편육,꼬리,대창,육수",2021-10-07
154,도정공업사,신인애,055-533-0222,055-324-9985,경상남도 창녕군 대지면 석리 693번지 외 8필지 외 4필지,기타 과실ㆍ채소 가공 및 저장 처리업,목재 건축내장재,2021-10-07
155,(주)그린에어시스,이영호,055-533-9041,055-521-7806,경상남도 창녕군 대지면 갈전길 195,승강기 제조업 외 2 종,덕트,2021-10-07
156,에스비비 주식회사,이태형,055-724-0204,055-533-0259,경상남도 창녕군 유어면 외부풍조로 189,육류 기타 가공 및 저장처리업 (가금류 제외) 외 1 종,투수포장재,2021-10-07
157,해성정밀,김경관,055-536-6901,050-4145-7872,경상남도 창녕군 영산면 서리상촌길 307-72,그 외 기타 1차 철강 제조업 외 2 종,조향장치,2021-10-07
158,(주)한맥기계(2공장),구두회,055-536-8866,,경상남도 창녕군 도천면 논리우강길 304,금속선 가공제품 제조업,산업설비배관,2021-10-07
159,(주)창녕,성낙병,053-586-9777,053-586-8596,경상남도 창녕군 대합면 합리 1396번지 10-3블록,차체 및 특장차 제조업 외 1 종,콘크리트 펌프카 실린더,2021-10-07
160,(주)대일테크,차진영,055-532-4582,055-536-8834,경상남도 창녕군 대합면 대합산업단지로 103,육상 금속 골조 구조재 제조업 외 1 종,"알루니늄 인고트, 볼베어링",2021-10-07
161,(주)라인메탈,정순희,055-532-0251,,경상남도 창녕군 대지면 대지농공단지길 24-21 (1동),기어 및 동력전달장치 제조업,와이어로프,2021-10-07
162,(주)대성산업,차재현,055-533-1364,055-342-0206,경상남도 창녕군 대지면 경남대로 4897-14,비내화 모르타르 제조업,"우, 돈",2021-10-07
163,덕상정밀(주),이상원,055-237-9254,,경상남도 창녕군 계성면 준공업단지길 27 외 2필지,"면류, 마카로니 및 유사식품 제조업 외 1 종",베벨기어류,2021-10-07
164,정원식품,박성묵,,,경상남도 창녕군 계성면 봉산관동2길 55 외 2필지,그 외 자동차용 신품 부품 제조업 외 3 종,국수,2021-10-07
165,천일포장공업(주),이진순,055-532-1766,,경상남도 창녕군 창녕읍 창녕장마로 669-36,선박 구성 부분품 제조업,골판지상자,2021-10-07
166,제이에프(주),진용우,,,경상남도 창녕군 창녕읍 여초리 707번지 외 4필지,그 외 자동차용 신품 부품 제조업 외 3 종,PET원사,2021-10-07
167,(주)조현,이상우,055-521-0721,,경상남도 창녕군 영산면 서리상촌길 307-73,전구 및 램프 제조업 외 6 종,자동차부품,2021-10-07
168,우성테크놀(주),김순득,055-345-7565,055-533-6141,경상남도 창녕군 영산면 서리상촌길 307-61,골판지 제조업 외 1 종,자동차부품,2021-10-07
169,대영포장산업,황지순,055-521-4071,,경상남도 창녕군 영산면 서리상촌길 307-55,승강기 제조업,부품박스,2021-10-07
170,남양포장공업사,제갈수찬,055-533-5769,,경상남도 창녕군 성산면 대견리 151-1번지,"고무, 화학섬유 및 플라스틱 성형기 제조업",골판지상자,2021-10-07
171,수성산업,서정대,,051-955-2401,경상남도 창녕군 성산면 곽천대산로 292 외 3필지,배합 사료 제조업 외 1 종,레미콘,2021-10-07
172,회원정공,이상근,055-587-9963,,경상남도 창녕군 도천면 치이골길 30 (총 2 필지) 외 1필지,"플라스틱 선, 봉, 관 및 호스 제조업",엔진용 chain sprocket,2021-10-07
173,윈스타패브릭,이분도,,055-532-2942,경상남도 창녕군 대합면 합리 1414-1번지,골판지 제조업 외 1 종,브라인드행거,2021-10-07
174,(주)남양에스앤티,홍정호,,,경상남도 창녕군 대합면 평지리 61-4번지 외 13필지,탁주 및 약주 제조업,자동차 제동장치,2021-10-07
175,주영산업,이진호,,055-521-4073,경상남도 창녕군 대합면 평지리 138-5번지 외 1필지,골판지 제조업 외 3 종,부직포,2021-10-07
176,에스엔티(S&T) 인더스트리,한수미,032-576-8250,055-532-6632,경상남도 창녕군 대합면 이방리 470번지 외 1필지 외 1필지,면직물 직조업,인쇄원단,2021-10-07
177,(주)명성패킹,김학균,055-533-5110,,경상남도 창녕군 대합면 유산1길 16 (총 4 필지) 외 3필지,레미콘 제조업 외 1 종,"골판지상자,지통,하드보드지",2021-10-07
178,고려산업(주) 창녕공장,김영교,051-600-5000,055-536-7719,경상남도 창녕군 대합면 수장퇴산로 35 (총 4 필지) 외 3필지,무기 및 총포탄 제조업 외 16 종,배합사료,2021-10-07
179,기운테크,임미선,055-532-0180,,경상남도 창녕군 대합면 모전리 906번지,기타 인쇄업 외 1 종,수도관(수도관부속 외 동자재),2021-10-07
180,(주)경민,황윤경,,,경상남도 창녕군 대합면 등지리 264번지 외 3필지 외 3필지,그 외 자동차용 신품 부품 제조업 외 3 종,선박구성부분품,2021-10-07
181,동원섬유,최한영,055-532-6631,053-585-0048,경상남도 창녕군 대합면 둔지길 29-8,"금속 문, 창, 셔터 및 관련제품 제조업","폴리스판, 커텐지",2021-10-07
182,(주)대산엘이디 전기조명,이종규,055-532-5546,,"경상남도 창녕군 대합면 대합산업단지로 22-22, (1422번지)",합성섬유 제조업,LED 조명기구,2021-10-07
183,주식회사 화신금속,조원기,055-532-2232,,경상남도 창녕군 대합면 대합산업단지로 101,"알루미늄 제련, 정련 및 합금 제조업",알루미늄 합금제품,2021-10-07
184,(주)코아칩스,오재근,031-278-7992,,경상남도 창녕군 대합면 대합공단길 35-8,부직포 및 펠트 제조업,사출형성기,2021-10-07
185,농업회사법인 우포의 아침(주),박중협,055-532-3900,055-532-1766,경상남도 창녕군 대지면 대지농공단지길 40,골판지 제조업 외 1 종,"탁주,약주",2021-10-07
186,승보산업사,김명환,055-521-7712,055-536-9941,경상남도 창녕군 계성면 준공업단지길 32-8,자동차 엔진용 신품 부품 제조업 외 1 종,동및동합금관,2021-10-07
187,(주)신광콘크리트,주재영,055-533-5100,,경상남도 창녕군 창녕읍 이남길 40-60 (창녕읍) 외 4필지,그 외 자동차용 신품 부품 제조업 외 3 종,인터로킹,2021-10-07
188,(주)동소금속,김기현,055-521-3087,055-5330-1505,경상남도 창녕군 장마면 초곡길 235-24,"콘크리트 타일, 기와, 벽돌 및 블록 제조업","파이프, 칼라",2021-10-07
189,(주)케이씨이피이,신경식,055-526-1733,,경상남도 창녕군 영산면 월령공장길 89,구름베어링 제조업,펌프카차량제조,2021-10-07
190,대명스틸,염수해,055-521-4412,055-526-1745,경상남도 창녕군 영산면 영산월령로 384 외 3필지,액체 펌프 제조업,"철강구조물구조용,철근콘크리트구조물구조용",2021-10-07
191,동양알피에프산업(R.P.F)(주),박문신,055-536-0270,055-521-4414,경상남도 창녕군 도천면 논리우강길 403 외 14필지,기타 구조용 금속제품 제조업,"TU Beam, TU deck",2021-10-07
192,진우정밀,김민석,055-533-2089,055-536-0271,경상남도 창녕군 대합면 합리 1412-3번지,육상 금속 골조 구조재 제조업,"금속가공제품, 샤프트, 조인트 등",2021-10-07
193,천안제과,이영애,055-532-3021,055-533-0026,경상남도 창녕군 대합면 대합공단길 40,합성섬유 제조업,"빵, 과자",2021-10-07
194,에스카(주),진홍근,055-533-0081,055-533-3079,경상남도 창녕군 대지면 우포1대로 1355,절삭가공 및 유사처리업,폴리에스터 단섬유,2021-10-07
195,(주)에이치앤비,이근명,055-532-5260,055-532-3091,경상남도 창녕군 대지면 우포1대로 1218-17 외 8필지,빵류 제조업,니들베어링,2021-10-07
196,캠프로주식회사 창녕공장,장정영,055-532-6339,053-581-8825,경상남도 창녕군 창녕읍 창녕공단길 32,주형 및 금형 제조업,"텐트,천막",2021-10-07
197,(주)신우포장,이동원,055-521-5630,055-521-5631,경상남도 창녕군 영산면 신제로 24 외 2필지,골판지 제조업 외 2 종,포장용 박스,2021-10-07
198,(주)유일정공,최병진,,,경상남도 창녕군 영산면 신제로 20,절삭가공 및 유사처리업,발전설비 절삭가공,2021-10-07
199,두원섬유공업사,최목은,055-521-2581,055-532-3114,경상남도 창녕군 영산면 서리상촌길 15,기타 건축용 플라스틱 조립제품 제조업,방모사 제조,2021-10-07
200,(주)세기테크,최원복,053-581-8820,,경상남도 창녕군 대합면 합리 1416번지,모 방적업,금형제작 및 다이캐스팅 ,2021-10-07
201,(주)티앤비우드,강민정,055-532-3115,055-532-8488,경상남도 창녕군 대합면 대합산업단지로 136-5,"천막, 텐트 및 유사 제품 제조업 외 1 종",PS몰딩판재,2021-10-07
202,(주)봉견,안영조,055-532-9950,055-536-2280,경상남도 창녕군 유어면 우포1대로 908 외 7필지,"플라스틱 선, 봉, 관 및 호스 제조업 외 2 종",호안블럭,2021-10-07
203,(주)리노,정준환,055-232-7108,051-731-4590,경상남도 창녕군 유어면 내부곡길 166 (총 4 필지) 외 1필지,육상 금속 골조 구조재 제조업 외 1 종,"초음파탐상기,비파괴검사장비",2021-10-07
204,송강도예연구소,강영남,055-536-0999,,경상남도 창녕군 영산면 장척길 9,"물질 검사, 측정 및 분석기구 제조업 외 5 종","전통도자기, 생활도자기",2021-10-07
205,선미식품주식회사,이대우,055-533-3030,055-532-1852,경상남도 창녕군 영산면 영산월령로 414-16,천연 및 혼합조제 조미료 제조업 외 6 종,"김치, 장류",2021-10-07
206,대건스틸(주),정장화,,055-532-9971,경상남도 창녕군 영산면 신제로 71,"콘크리트 타일, 기와, 벽돌 및 블록 제조업",철근가공,2021-10-07
207,(주)회원이엔지,이상근,055-521-1710,055-532-3076,경상남도 창녕군 도천면 도천리 629-2번지 외 4필지,육류 기타 가공 및 저장처리업 (가금류 제외) 외 1 종,자동차 부품,2021-10-07
208,월드엔지니어링(주),이호열,055-329-2593,055-806-8032,경상남도 창녕군 대합면 합리 1421-1번지,선박 구성 부분품 제조업,산업기계제작(유원지 놀이기구 부품),2021-10-07
209,(주)대도씨엔이,배지명,051-731-4579,055-536-9941,경상남도 창녕군 대합면 평지퇴산로 239,자동차용 신품 동력전달장치 제조업 외 1 종,"철구조물, 강구조물",2021-10-07
210,LG스틸 콘테이너,박태영,055-532-6004,055-532-6010,경상남도 창녕군 대합면 수장퇴산로 69,기타 구조용 금속제품 제조업,콘테이너,2021-10-07
211,(주)모전식품,박수경,055-532-1820,,경상남도 창녕군 대합면 모전리 876번지 외 8필지,육상 금속 골조 구조재 제조업,"숙성양파농축액,곰탕,설렁탕,돈사골추출액",2021-10-07
212,(주)성화,라선이,055-806-8031,055-533-1772,경상남도 창녕군 대합면 모전리 563번지 외 1필지,가정용 및 장식용 도자기 제조업,"해치,격판",2021-10-07
213,천옥코리아,이강숙,,,경상남도 창녕군 대합면 도장골길 15-3,기타 수산동물 가공 및 저장 처리업,"산양삼 경옥로얄, 환",2021-10-07
214,부산해림식품,김형광,055-533-7600,055-533-3300,경상남도 창녕군 대지면 왕산길 48,"면류, 마카로니 및 유사식품 제조업 외 1 종",튀김어묵,2021-10-07
215,(주)새일진식품,박병준,055-532-4643,055-532-6429,경상남도 창녕군 대지면 경남대로 4897-65,김치류 제조업 외 1 종,2차 가공육,2021-10-07
216,새한식품(주),양혜경,055-533-7901,055-536-0998,경상남도 창녕군 고암면 원촌어은길 42 외 1필지,가정용 및 장식용 도자기 제조업,면류,2021-10-07
217,도원사,안동일,055-533-1772,055-329-2594,경상남도 창녕군 고암면 갈동길 56-31 (총 2 필지) 외 1필지,육상 금속 골조 구조재 제조업 외 1 종,슈퍼본차이나 화인세라믹소재,2021-10-07
218,(주)남정,김시우,055-536-2291,,경상남도 창녕군 계성면 명달길 16,건강기능식품 제조업,"이중벽, 삼중벽하수관, 지중전선관,수도관, 폴리에틸렌제품",2021-10-07
219,(주)엔.에이.텍,박정순,055-532-0541,,경상남도 창녕군 유어면 선소1길 117-25 (총 2 필지) 외 1필지,산업용 그 외 비경화 고무제품 제조업 외 2 종,부산물비료(퇴비),2021-10-07
220,(주)제이에프코리아,조정표,055-521-9002,055-521-3380,경상남도 창녕군 도천면 경남대로 3081 (총 4 필지) 외 3필지,콘크리트 관 및 기타 구조용 콘크리트 제품 제조업,전자통신장비부품,2021-10-07
221,진성산업,이재대,,055-532-0542,경상남도 창녕군 대합면 합리 1412-2번지,복합비료 및 기타 화학비료 제조업 외 1 종,금속조립구조재,2021-10-07
222,천우건설테크,현대권,,055-533-8110,경상남도 창녕군 대합면 소야모전길 35,복합비료 및 기타 화학비료 제조업 외 1 종,철근가공,2021-10-07
223,무진정공,김춘화,,,경상남도 창녕군 대합면 대합산업단지로 38-56,그 외 기타 플라스틱 제품 제조업,Sprocket,2021-10-07
224,풍성에프엔비 주식회사,남지곤,055-806-8888,,경상남도 창녕군 대합면 대동월포로 32-5,펄프 제조업,간장류,2021-10-07
225,(주)이앤씨,이태순,055-533-8871,055-536-5824,경상남도 창녕군 대지면 학성세거리길 270,"면류, 마카로니 및 유사식품 제조업 외 1 종",유기질비료,2021-10-07
226,(주)한울,김형대,055-533-8851,,경상남도 창녕군 대지면 왕산리 362번지 외3,자동차 엔진용 신품 부품 제조업,펄프,2021-10-07
227,보성열처리(주),정봉진,055-532-1777,055-532-1776,경상남도 창녕군 대지면 대지농공단지길 24-28,금속 열처리업,금속열처리,2021-10-07
228,(주)삼성씨와이,허은별,055-521-3381,,경상남도 창녕군 계성면 준공업단지길 11,육상 금속 골조 구조재 제조업 외 1 종,콘크리트수로관,2021-10-07
229,(주)디알아이,김성준,,,경상남도 창녕군 계성면 계성장마로 250-8 외 3필지,육상 금속 골조 구조재 제조업 외 1 종,고무방충제,2021-10-07
230,계성농촌지도자 영농조합법인,김종유,055-536-1405,055-806-8889,경상남도 창녕군 계성면 계성리 406-1번지,장류 제조업,"양파국수,양파떡국",2021-10-07
231,(주)대진,하춘기,055-533-0074,055-532-7933,경상남도 창녕군 창녕읍 환곡어도로 225-21 (총 5 필지) 외 4필지,기타 구조용 금속제품 제조업,산화철,2021-10-07
232,창녕군농협쌀조합공동사업법인,이경재,055-533-5263,055-521-0312,경상남도 창녕군 창녕읍 퇴천리 760-5번지 외 2필지 외 2필지,비내화 모르타르 제조업 외 1 종,쌀,2021-10-07
233,주식회사 강원식품,윤재호,055-532-1361,055-536-2071,경상남도 창녕군 창녕읍 탐하로 9-12,일반 제재업,"냉면,육수, 갈비탕 등",2021-10-07
234,일진금속(주),박회진,055-532-6488,055-532-0077,경상남도 창녕군 창녕읍 창녕공단길 35,절삭가공 및 유사처리업,중장비부품,2021-10-07
235,(주)남양,윤춘규,055-521-0311,055-533-1715,경상남도 창녕군 장마면 초곡길 253 외 1필지,기타 기초 무기 화학물질 제조업,특수모르타르,2021-10-07
236,송원목제,정가용,051-521-5214,055-532-4462,경상남도 창녕군 장마면 창녕장마로 257-39 (총 2 필지) 외 1필지,부직포 및 펠트 제조업 외 1 종,가공 판매 및 각재,2021-10-07
237,(주)남포제재소,전영민,055-536-2079,055-806-7004,경상남도 창녕군 장마면 영산장마로 301-40,도장 및 기타 피막처리업,"파레트, 각재 및 판재",2021-10-07
238,(주)신성메가텍,김종범,051-866-7268,055-533-1179,경상남도 창녕군 장마면 동장가1길 79-20 외 6필지,합성섬유 제조업,철구조물,2021-10-07
239,동명산업,조기동,,,경상남도 창녕군 유어면 내부곡길 89 (총 2 필지) 외 1필지,그 외 자동차용 신품 부품 제조업 외 3 종,연사,2021-10-07
240,(주)에스지,우영기,055-526-0581,,경상남도 창녕군 영산면 월령리 775-7번지 외 4필지,합성섬유 제조업,커플러,2021-10-07
241,디자인 오또,이상민,055-521-8988,053-581-0149,경상남도 창녕군 영산면 영산월령로 90 (총 2 필지) 외 1필지,항공기용 부품 제조업 외 4 종,의자,2021-10-07
242,위코(주),안영도,,055-286-1319,경상남도 창녕군 영산면 영산월령로 370,그 외 자동차용 신품 부품 제조업 외 4 종,패턴왁스,2021-10-07
243,(주)부경하이텍,김영옥,,055-533-2830,경상남도 창녕군 영산면 신제리 731번지 외 1필지,레미콘 제조업,자동차부품(볼스터드),2021-10-07
244,(주)센트랄,"강태룡,김종태",055-278-0247,051-866-7260,경상남도 창녕군 영산면 서리상촌길 307-122 외 1필지,육상 금속 골조 구조재 제조업 외 1 종,"조향,현가장치",2021-10-07
245,풍성식품(주),남지곤,055-521-2109,,경상남도 창녕군 영산면 도천중앙로 161 외 3필지,금속 단조제품 제조업,조미식품용 간장원료,2021-10-07
246,세화산업,윤근,055-532-2338,055-532-4111,경상남도 창녕군 성산면 정녕윗담길 5-10,표면 가공 목재 및 특정 목적용 제재목 제조업,섬유시멘트,2021-10-07
247,YD정밀,서원교,055-533-9501,041-642-0879,경상남도 창녕군 성산면 구례동길 20-91,유기질 비료 및 상토 제조업 외 1 종,자동차부품,2021-10-07
248,동진정밀,하창수,055-345-2770,055-533-8236,경상남도 창녕군 도천면 적말길 35,"플라스틱 선, 봉, 관 및 호스 제조업 외 6 종",조선기자재및연교환기부품,2021-10-07
249,(주)한성테크윈,하정훈,055-536-4077,,경상남도 창녕군 도천면 온천로 232,산업용 난방보일러 및 방열기 제조업,HRSG 보일러 부품제조,2021-10-07
250,(주)참그로,윤환헌,041-642-0878,055-533-5676,경상남도 창녕군 도천면 바깥어만길 84-3 외 3필지,기타 구조용 금속제품 제조업,유기질 비료 및 상토(고체성),2021-10-07
251,서전,민선희,055-521-9387,055-533-9502,경상남도 창녕군 도천면 덕곡리 169-5번지,그 외 자동차용 신품 부품 제조업 외 3 종,금속판 가공,2021-10-07
252,금강스틸,김명수,,055-533-3498,경상남도 창녕군 도천면 논리 산 38번지 외 3필지,두부 및 유사식품 제조업,"H빔, 철재울타리, 철재난간, 나무정자",2021-10-07
253,(주)디케이엘,이동군,055-806-7003,055-521-7848,경상남도 창녕군 도천면 경남대로 3133,구조용 금속 판제품 및 공작물 제조업 외 2 종,철도용부품(도장품),2021-10-07
254,(주)대림에프엔티,정수철,053-615-5000,055-536-9773,경상남도 창녕군 대합면 합리 1414번지,그 외 기타 식료품 제조업,절삭가공 및 유사처리업,2021-10-07
255,(주)지엔지,이용쾌,,055-342-5119,경상남도 창녕군 대합면 평지퇴산로 118-68,배합 사료 제조업 외 1 종,톱밥 제조,2021-10-07
256,(주)가야이에스씨,윤병국,055-532-0080,055-532-5183,경상남도 창녕군 대합면 이방대합로 1132,연사 및 가공사 제조업 외 4 종,강구조물,2021-10-07
257,(주)한영테크,김홍필,055-533-5675,055-345-2769,경상남도 창녕군 대합면 수장퇴산로 93,선박 구성 부분품 제조업,건설자재(강폼),2021-10-07
258,(주)디엔,조숙희,055-532-4460,055-521-8986,경상남도 창녕군 대합면 수장퇴산로 50 (대합면) 외 2필지,소파 및 기타 내장가구 제조업,자동차 내장제,2021-10-07
259,(주)태광수지,김종순,055-533-8235,055-521-6003,경상남도 창녕군 대합면 소야모전길 125 외 2필지,김치류 제조업,폴리에틸렌파이프,2021-10-07
260,비.투.록,김미영,055-532-0783,,경상남도 창녕군 대합면 모지길 11 외 1필지,장류 제조업,일반철물제조업,2021-10-07
261,(주)새한전자 창녕공장,박종규,055-781-0147,,"경상남도 창녕군 대합면 대합산업단지로 136-19, (합리 1299)",일반철물 제조업,항공기용 사출성형부품,2021-10-07
262,제이제이천안제과,주선주,055-533-2570,,경상남도 창녕군 대합면 대합공단길 40,그 외 기타 분류 안된 금속 가공 제품 제조업 외 1 종,빵류,2021-10-07
263,(주)수창,김경식,055-533-1935,055-532-2338,경상남도 창녕군 대합면 대동월포로 381 (총 2 필지) 외 1필지,비금속류 해체 및 선별업 외 1 종,레미콘,2021-10-07
264,블루바이텍,김경태,,,경상남도 창녕군 대합면 대동월포로 32-5,일반 제재업,몽고간장,2021-10-07
265,폴리테크,박태열,,,경상남도 창녕군 남지읍 아지리 177-2번지,합성수지 및 기타 플라스틱 물질 제조업,통발부품,2021-10-07
266,(주)부강텍스,이정희,055-533-1178,055-532-6486,경상남도 창녕군 고암면 억만미산로 268,금속 열처리업,폴리에스텔실,2021-10-07
267,가야종합식품,황태성,055-533-2784,055-533-2579,경상남도 창녕군 고암면 서암길 11-32,빵류 제조업,두부,2021-10-07
268,(주)삼성화이바,진영숙,,055-532-1851,경상남도 창녕군 계성면 영산장마로 519,"면류, 마카로니 및 유사식품 제조업 외 4 종",산업용 폴리에스텔 화이바,2021-10-07
269,농업회사법인(주)해드림,황용주,055-536-0805,055-533-5264,경상남도 창녕군 계성면 명리공단길 46 외 1필지,곡물 도정업,사료제조,2021-10-07
270,봄나리 영농조합법인,김상호,,,경상남도 창녕군 계성면 명리 418-3번지 외 1필지,그 외 기타 플라스틱 제품 제조업,양파김치,2021-10-07
271,농업회사법인 새한푸드,우만자,055-521-3662,,경상남도 창녕군 계성면 광계리 1373-17번지,그 외 기타 식료품 제조업,메추리알 가공,2021-10-07
272,성심마스타푸드,김현진,055-536-0745,055-532-0958,경상남도 창녕군 장마면 장마고곡로 177-52 외 1필지,레미콘 제조업,유자간장 소스,2021-10-07
273,와이케이중공업(주),유준철,055-526-5126,055-526-5333,경상남도 창녕군 영산면 월령공장길 99,"플라스틱 선, 봉, 관 및 호스 제조업",철구조물,2021-10-07
274,농업회사법인 흥국합명회사,박일호,055-521-1905,,경상남도 창녕군 영산면 영산월령로 129 (흥국미곡종합처리장) (총 5 필지) 외 1필지,그 외 기타 분류 안된 섬유제품 제조업,쌀(일반미),2021-10-07
275,부광식품,권수정,055-533-3901,055-533-8088,경상남도 창녕군 성산면 대터공단길 53,육류 포장육 및 냉동육 가공업 (가금류 제외),"냉면, 육수, 비빔장",2021-10-07
276,케이피텍(주),변점수,070-8932-7622,055-533-7048,경상남도 창녕군 도천면 치이골길 41-32 외 2필지,단미 사료 및 기타 사료 제조업 외 2 종,"챠르,카본블랙,고무패드",2021-10-07
277,(주)청아,최정희,055-532-7043,055-533-3370,경상남도 창녕군 대합면 대합공단길 35-7,배전반 및 전기 자동제어반 제조업 외 2 종,"탈취제, 사료첨가제, 토양개량제",2021-10-07
278,(주)대영레미콘,이원웅,055-532-8620,055-521-1907,경상남도 창녕군 대지면 미산길 3-24,곡물 도정업,레미콘,2021-10-07
279,(주)케이엔,강기주,055-533-3001,055-532-3902,경상남도 창녕군 대지면 대지농공단지길 28,"면류, 마카로니 및 유사식품 제조업 외 3 종",일체형 수배전반,2021-10-07
280,(주)지승팜푸드,김영호,055-533-8080,055-536-0748,경상남도 창녕군 대지면 경남대로 4897-35,장류 제조업 외 2 종,"돈육 냉장,냉동 제품",2021-10-07
281,(주)동서폴리텍,최성호,,,경상남도 창녕군 남지읍 남지공단길 17,육상 금속 골조 구조재 제조업 외 1 종,THP이중관,2021-10-07
282,(주)서원산업,서영길,055-345-2776,055-521-5779,경상남도 창녕군 계성면 관동마을길 205 외 6필지,비금속류 해체 및 선별업 외 4 종,충전물 솜,2021-10-07
283,창녕농협 고추가루공장,창녕농협장,055-533-5263,,경상남도 창녕군 창녕읍 창녕장마로 751,"라이터, 연소물 및 흡연용품 제조업",고추가루,2021-10-07
284,보성열처리(주),"정봉진,김영대",055-533-9781,055-533-5603,경상남도 창녕군 창녕읍 창녕공단길 45,그 외 자동차용 신품 부품 제조업 외 3 종,자동차부품 및 중장비부품,2021-10-07
285,극동산업,박수섭,055-247-6688,055-521-0287,경상남도 창녕군 영산면 영산도천로 476-1 외 1필지,기타 구조용 금속제품 제조업,"천막,막구조,캔버스",2021-10-07
286,주식회사 효창산업,신도헌,055-521-3010,,경상남도 창녕군 영산면 신제로 94 외 1필지,혼성 및 재생 플라스틱 소재 물질 제조업,철구조물,2021-10-07
287,(주)센트랄씨엠에스,권혁지,055-530-5611,,경상남도 창녕군 영산면 서리상촌길 307-92 외 1필지,"콘크리트 타일, 기와, 벽돌 및 블록 제조업","자동차터보차져,콤프레샤하우징",2021-10-07
288,(주)로얄캔들,정영은,,055-327-8102,경상남도 창녕군 도천면 어만리 394번지 외 3필지,"금속 문, 창, 셔터 및 관련제품 제조업 외 2 종",양초(향초),2021-10-07
289,아이앤티엔지니어링(주),"김태길, 남순우",,,경상남도 창녕군 도천면 논리우강길 403 외 1필지,배전반 및 전기 자동제어반 제조업,"TU보, TU DECK",2021-10-07
290,피알아이테크,한성철,,,경상남도 창녕군 대합면 합리 1416번지,"천막, 텐트 및 유사 제품 제조업 외 2 종","밸브 핵심 부품, 엑추에이터",2021-10-07
291,(주)영등산업,장지숙,,,경상남도 창녕군 대합면 평지리 967번지 외 6필지,"천막, 텐트 및 유사 제품 제조업 외 3 종","벽돌,블록",2021-10-07
292,코리아푸드,이상민,053-632-3970,055-526-1112,경상남도 창녕군 대합면 창한로 74-46,기타 종이 상자 및 용기 제조업,"백옥콘, 마카로니",2021-10-07
293,영농조합법인 창녕식품,김용식,055-533-1656,055-533-9783,경상남도 창녕군 대합면 용산유산로 65,금속 열처리업,"고추장,된장,쌈장",2021-10-07
294,(주)태경엔엔씨산업,정진욱,055-532-3855,,경상남도 창녕군 대합면 경남대로 5279-30,육상 금속 골조 구조재 제조업 외 1 종,"차광막, 천막",2021-10-07
295,(주)청명시스텍,이상훈,055-586-1346,,경상남도 창녕군 대지면 대지농공단지길 24-32,장류 제조업,"철도차량 케이블하네스, 배전반",2021-10-07
296,(주)에코라인,정영화,,055-526-6246,경상남도 창녕군 남지읍 학계리 1064-14번지 외 4필지,비금속류 해체 및 선별업 외 1 종,재생 플라스틱 원료,2021-10-07
297,대동포장공업사,김동현,055-526-1112,055-521-3040,경상남도 창녕군 남지읍 학계리 1042-8번지 외 3필지,육상 금속 골조 구조재 제조업 외 1 종,박스지류,2021-10-07
298,진영정공,송지영,,070-8282-7978,경상남도 창녕군 남지읍 성사리 556-6번지 외 5필지 외 5필지,그 외 자동차용 신품 부품 제조업 외 4 종,"자동차부품, 선박부품",2021-10-07
299,(주)일진,이상봉,055-327-8101,055-533-5264,경상남도 창녕군 남지읍 남지공단길 9,천연 및 혼합조제 조미료 제조업,"금속 문,창, 셔터",2021-10-07
300,인다산업,김미옥,055-526-6246,053-639-0301,경상남도 창녕군 남지읍 낙동로 310,과자류 및 코코아 제품 제조업,플라스틱재생원료,2021-10-07
301,(주)에스와이테크,배지훈,055-521-0281,050-2299-0770,경상남도 창녕군 계성면 영산계성로 602,"탭, 밸브 및 유사장치 제조업","금속구조물, 금속기계",2021-10-07
302,삼익에이치디에스 주식회사,진영래,053-719-3160,055-532-0958,경상남도 창녕군 창녕읍 환곡어도로 131,아스팔트 콘크리트 및 혼합제품 제조업,"PIR가공품, 자외선 경화용 유리섬유 강화 플라스틱",2021-10-07
303,주식회사 벡터전자,손영석,055-532-7779,,경상남도 창녕군 창녕읍 창녕대로 138,일반 제재업,전자제품,2021-10-07
304,제일요업,이상진,,,경상남도 창녕군 창녕읍 용석리 752 번지 외 1필지,레미콘 제조업,"제어볼, 황토볼, 하이드로볼",2021-10-07
305,(주)하이센하우스,이병화,1544-1314,,경상남도 창녕군 창녕읍 여초길 130,산업용 송풍기 및 배기장치 제조업,컨테이너 철구조물,2021-10-07
306,하이텍전자,반병호,055-533-0327,,경상남도 창녕군 창녕읍 남창녕로 17,금속류 해체 및 선별업 외 1 종,전자부품,2021-10-07
307,토산 ENG,김여기,055-532-4840,055-536-7238,경상남도 창녕군 성산면 창한로 278 (총 4 필지) 외 3필지,"산업용 오븐, 노 및 노용 버너 제조업 외 1 종",건설용철판,2021-10-07
308,남경포장,김현수,,055-327-8102,경상남도 창녕군 성산면 대터공단길 69 외 1필지,"금속 문, 창, 셔터 및 관련제품 제조업 외 2 종",골판지,2021-10-07
309,(주)동원레미콘,옥치승,055-532-0913,041-633-0227,경상남도 창녕군 성산면 대터공단길 62 ((주)동원레미콘) (총 2 필지) 외 1필지,그 외 기타 나무제품 제조업,레미콘제조,2021-10-07
310,남양포장공업사,제갈양호,055-533-5769,070-4760-6187,경상남도 창녕군 성산면 대견월포로 175,구조용 금속 판제품 및 공작물 제조업 외 1 종,골판지상자,2021-10-07
311,대성정밀,박지초,055-532-8737,,경상남도 창녕군 성산면 구례동길 20-45,기타 종이 상자 및 용기 제조업,자동차부품(샤프트),2021-10-07
312,(주)대진에코텍,박진영,,055-532-2942,경상남도 창녕군 도천면 예리 734-1번지 외 6필지,골판지 제조업 외 1 종,각재및판재,2021-10-07
313,(주)케이티에스테크,이진연,,055-526-7002,경상남도 창녕군 도천면 바깥어만길 84-3 외 3필지,선박 구성 부분품 제조업 외 2 종,야자톱밥,2021-10-07
314,(주)세화이앤씨,이창희,055-536-7111,,경상남도 창녕군 도천면 바깥어만길 23,기타자동차부품제조업,산업용연소설비,2021-10-07
315,소금성,김대한,055-532-0028,053-719-3170,경상남도 창녕군 대합면 평지리 5-10번지 외 3필지,"플라스틱 적층, 도포 및 기타 표면처리 제품 제조업","소금벽돌,소금보드",2021-10-07
316,(주)보성산업,이성민,055-532-0300,055-532-1171,경상남도 창녕군 대합면 도개1길 62-21 외 2필지,그 외 기타 분류 안된 비금속 광물제품 제조업 외 3 종,"송풍기,배기장치",2021-10-07
317,(주)대영아스콘,장정혜,055-532-8622,055-536-4482,경상남도 창녕군 대지면 왕산리 96-11번지,"전기회로 개폐, 보호장치 제조업 외 1 종",아스콘,2021-10-07
318,(주)상원이엔씨,이호인,02-2669-2521,,경상남도 창녕군 대지면 대대효정길 136-29 외 2필지,그 외 기타 분류 안된 비금속 광물제품 제조업 외 3 종,"선박용 문,창문,계단,난간",2021-10-07
319,(주)일진,이상봉,055-327-8101,055-532-1888,경상남도 창녕군 남지읍 남지공단길 11,기타 전기 변환장치 제조업 외 1 종,"금속, 문, 창, 셔터 및 관련 제품",2021-10-07
320,피에스산업(주),남지곤,055-533-8301,,경상남도 창녕군 고암면 간상길 292,육상 금속 골조 구조재 제조업 외 1 종,FRP탱크 및 배관환경설비,2021-10-07
321,대성ENG,박종남,055-526-7001,,경상남도 창녕군 계성면 영산계성로 556 외 3필지,설치용 및 위생용 플라스틱제품 제조업,선박계류장치외 산업기계,2021-10-07
322,일성정밀공업사,허동열,055-521-0500,055-533-0329,경상남도 창녕군 계성면 영산계성로 203,그 외 기타 전자부품 제조업 외 1 종,개폐및보호장치(마그네트 밸브 등),2021-10-07
323,삼원테크,정요원,055-533-7715,,경상남도 창녕군 창녕읍 환곡어도로 91,그 외 자동차용 신품 부품 제조업,칼라 모르타르,2021-10-07
324,(주)미래산업,정광훈,055-536-0557,055-521-2230,경상남도 창녕군 장마면 동정리 619번지,일반 제재업,금속파렛트,2021-10-07
325,대한양돈협회창녕지부 영농조합법인,하태식,,055-532-4460,경상남도 창녕군 장마면 남지장마로 589,자동차 차체용 신품 부품 제조업,유기질비료,2021-10-07
326,영농조합법인 황금농원,조준호,055-532-0629,055-536-0737,경상남도 창녕군 이방면 이방로 483 외 5필지,그 외 기타 분류 안된 금속 가공 제품 제조업 외 1 종,감가공품,2021-10-07
327,(주)상진화력,박근영,,,경상남도 창녕군 영산면 영산월령로 438 외 1필지,산업용 난방보일러 및 방열기 제조업,산업용보일러,2021-10-07
328,대동목재,손영규,055-521-3103,055-532-3220,경상남도 창녕군 영산면 열무고개길 68,육류 기타 가공 및 저장처리업 (가금류 제외) 외 1 종,가공목재,2021-10-07
329,굴렁쇠스포츠산업,이정규,055-536-2064,055-533-9702,경상남도 창녕군 영산면 열무고개길 36-8,판지 상자 및 용기 제조업,"목재놀이기구,체육시설물,휴게시설물",2021-10-07
330,(주)대화포징,강대일,055-521-4590,,경상남도 창녕군 영산면 서리상촌길 307-47,선박 구성 부분품 제조업,자동차부품,2021-10-07
331,명문식품,김종숙,055-532-3733,055-532-4967,경상남도 창녕군 성산면 창한로 206-16,부직포 및 펠트 제조업,"명태포,대구포",2021-10-07
332,부곡농업협동조합,이명흔,055-536-5536,055-521-7373,경상남도 창녕군 부곡면 온정리 206-2번지 외 4필지,기타 과실ㆍ채소 가공 및 저장 처리업,친환경 도정 쌀,2021-10-07
333,하이에어공조(주),전영권,055-340-5353,053-614-7917,경상남도 창녕군 도천면 적말길 27,육상 금속 골조 구조재 제조업 외 1 종,선박 에어컨부분품,2021-10-07
334,도우미식품,하광성,055-536-0464,055-526-0310,경상남도 창녕군 도천면 예리 736-2번지 외 1필지 외 1필지,산업용 난방보일러 및 방열기 제조업 외 1 종,조미식품중간원료(H.V.P),2021-10-07
335,대원콘크리트(주),정계숙,055-521-6364,055-532-4261,경상남도 창녕군 도천면 도천리 726-17번지 외 1필지,곡물 혼합분말 및 반죽 제조업,벽돌 및 블록,2021-10-07
336,주식회사 네오필드,최재우,070-4236-3504,,경상남도 창녕군 도천면 덕곡안길 8-36,표면 가공 목재 및 특정 목적용 제재목 제조업,인조잔디,2021-10-07
337,(주)동우목재산업,남주영,055-521-2223,055-521-3103,경상남도 창녕군 도천면 논리우강길 454 외 4필지,일반 제재업,각재 등,2021-10-07
338,(주)시민,박승빈,055-536-7446,055-521-6365,경상남도 창녕군 도천면 논리덕곡길 185,"콘크리트 타일, 기와, 벽돌 및 블록 제조업",원형덕트,2021-10-07
339,(주)현대종합철강,신경남,053-614-7900,,경상남도 창녕군 대합면 합리 1412번지,복합비료 및 기타 화학비료 제조업 외 1 종,"H빔,C형강",2021-10-07
340,(주)성림텍,김극용,055-533-9701,055-536-0465,경상남도 창녕군 대합면 장기리 1111-1번지,천연 및 혼합조제 조미료 제조업,포장박스,2021-10-07
341,영농조합법인 창녕식품,김용식,055-533-1656,,경상남도 창녕군 대합면 용산대동로 10,도시락류 제조업 외 1 종,메주,2021-10-07
342,고성산업사,이수명,055-532-1971,,경상남도 창녕군 대합면 소야모전길 117,건설 및 채광용 기계장비 제조업,튀김가루,2021-10-07
343,(주)포유모발에스피,최은숙,055-521-8585,055-532-3653,경상남도 창녕군 대합면 모지길 72 외 5필지,수산동물 냉동품 제조업,"한약추출물, 숙취해소제",2021-10-07
344,유창케미칼,성호엽,055-532-0502,,경상남도 창녕군 대합면 둔지길 29-22,곡물 도정업,폴리에틸렌필름,2021-10-07
345,(주)주영,이건수,055-532-5551,055-532-2490,경상남도 창녕군 대합면 둔지길 29-13,비내화 모르타르 제조업 외 1 종,부직포,2021-10-07
346,필드마스터(주),최태식,055-521-9461,,경상남도 창녕군 대합면 대합공단길 36-12,전동기 및 발전기 제조업,인조잔디,2021-10-07
347,효창산업,김순호,055-532-0518,055-533-0323,경상남도 창녕군 대합면 대동월포로 343-12,기타 곡물 가공품 제조업,금속 탱크류,2021-10-07
348,한빛산업,김나윤,,055-532-0630,경상남도 창녕군 대합면 경남대로 5376 (총 5 필지) 외 4필지,기타 과실ㆍ채소 가공 및 저장 처리업,재생비닐원료,2021-10-07
349,(주)디엔 [3공장],조숙희,,055-532-0503,경상남도 창녕군 대합면 경남대로 5279-22,플라스틱 필름 제조업 외 1 종,자동차 내장제,2021-10-07
350,동진산업,"신영미, 신언경",,055-521-9464,경상남도 창녕군 대지면 대지농공단지길 32,그 외 기타 플라스틱 제품 제조업,굴삭기 버켓,2021-10-07
351,(주)선진,이범권,055-532-3216,055-521-9464,경상남도 창녕군 대지면 경남대로 4897-66,그 외 기타 플라스틱 제품 제조업,선진포크,2021-10-07
352,동일식품,정경덕,055-526-4481,055-346-2902,경상남도 창녕군 남지읍 용산본동길 14,선박 구성 부분품 제조업,유부초밥,2021-10-07
353,해영사,김창주,055-532-8125,,경상남도 창녕군 남지읍 용산리 234-1번지,비금속류 해체 및 선별업 외 1 종,단무지,2021-10-07
354,(주)휠링우드,공민영,055-526-0310,055-536-8125,경상남도 창녕군 계성면 준공업단지길 41,김치류 제조업 외 1 종,"우드난방보일러,제재목",2021-10-07
355,아리랑전기주식회사,배승룡,055-714-7633,055-532-0519,"경상남도 창녕군 계성면 영산계성로 556, 아리랑전기주식회사 외 1필지",금속탱크 및 저장용기 제조업 외 1 종,태양광 모듈,2021-10-07
356,협창공업,김상년,055-532-2301,,경상남도 창녕군 창녕읍 창밀로 228,육상 금속 골조 구조재 제조업 외 1 종,부직포,2021-10-07
357,원진산업,차욱훈,055-536-1204,,경상남도 창녕군 장마면 장마고곡로 177-29 (총 2 필지) 외 1필지,열간 압연 및 압출 제품 제조업,"재생원료(PE, PP칩)",2021-10-07
358,(주)강일정밀관,문영순,,,경상남도 창녕군 장마면 영산장마로 301-4,"증류기, 열교환기 및 가스발생기 제조업",스테인레스관,2021-10-07
359,(주)험프콘,이은희,054-741-7047,,경상남도 창녕군 유어면 외부풍조로 189,"플라스틱 선, 봉, 관 및 호스 제조업","미끄럼방지포장재, 도막형바닥재",2021-10-07
360,농업회사법인(주)웰빙라이프,조규철,055-532-3337,055-536-7116,경상남도 창녕군 유어면 광산길 109 (총 2 필지) 외 1필지,육상 금속 골조 구조재 제조업 외 3 종,"미숫가루,전통한차,즉석비빔밥류",2021-10-07
361,태백목재,유효진,055-536-0760,055-532-8353,경상남도 창녕군 영산면 죽사리 762 번지 외 1필지,산업용 로봇 제조업 외 1 종,"각재,판재",2021-10-07
362,씨알(주),김인한,055-536-9911,055-536-7481,경상남도 창녕군 영산면 죽사리 1456-8번지 외 1필지 외 1필지,기체 여과기 제조업 외 1 종,플라스틱배합원료,2021-10-07
363,부흥식품,장상문,055-536-4662,,경상남도 창녕군 영산면 영산도천로 476-8,그 외 자동차용 신품 부품 제조업 외 3 종,두부,2021-10-07
364,(주)영진목재,박태숙,055-536-0790,,경상남도 창녕군 영산면 열무고개길 36-6,그 외 기타 종이 및 판지 제품 제조업,건축용자재,2021-10-07
365,주식회사 디알아이,김성준,,,경상남도 창녕군 영산면 신제리 1378-1번지 외 1필지,어망 및 기타 끈 가공품 제조업,"고무방현재, 고무패드 외",2021-10-07
366,현대기전,"옥갑조,김종권",055-532-0317,055-536-7352,경상남도 창녕군 성산면 창한로 402,일반 제재업,"마늘껍질자동탈피기,깐마늘",2021-10-07
367,대경팩,김수태,055-532-0911,055-533-2710,경상남도 창녕군 성산면 대터공단길 84 외 1필지,금속 가구 제조업 외 2 종,골판지 상자,2021-10-07
368,주영산업,이진호,055-532-5551,055-536-0602,경상남도 창녕군 성산면 대터공단길 79,일반 제재업,"부직포(보온재, 차단재)",2021-10-07
369,형제수지,박형준,055-532-3778,055-323-0893,경상남도 창녕군 성산면 대터공단길 71 (총 2 필지) 외 1필지,기타 구조용 금속제품 제조업,재생칩,2021-10-07
370,(주)제이우드,조장현,055-536-0601,054-741-7048,경상남도 창녕군 부곡면 온정청암로 151,합성수지 및 기타 플라스틱 물질 제조업,"각재,목재(히노끼)",2021-10-07
371,영남콘크리트,김기종,055-521-0212,,경상남도 창녕군 부곡면 수다리 14번지 외 2필지,기타 과실ㆍ채소 가공 및 저장 처리업,"벽돌, 블록",2021-10-07
372,농업회사법인 호신농산(주),김종열,055-521-8051,055-536-8051,경상남도 창녕군 도천면 영산월령로 61,천연 및 혼합조제 조미료 제조업,"고추가루,다진마늘,다진생강",2021-10-07
373,(주)미래중공업,강신경,055-536-7480,055-532-0569,경상남도 창녕군 도천면 바깥어만길 84-9 외 3필지,기타 곡물 가공품 제조업 외 1 종,산업용 집진기,2021-10-07
374,(주)동우,노유승,055-536-7114,055-521-5546,경상남도 창녕군 도천면 바깥어만길 23 외 1필지,그 외 기타 분류 안된 화학제품 제조업 외 1 종,철구조물 및 산업플랜트,2021-10-07
375,농업회사법인 은하식품(주),서명훈,055-521-0098,055-532-4911,경상남도 창녕군 도천면 바깥어만길 138 외 3필지,골판지 제조업 외 1 종,음료류,2021-10-07
376,웰로텍,정종근,,055-532-1182,경상남도 창녕군 대합면 합리 1413-1번지,일반철물 제조업,"산업용 로봇, 자동화기계",2021-10-07
377,종합기계제작소,이윤철,054-954-1404,055-536-1471,경상남도 창녕군 대합면 평지리 18-5번지 외 3필지,두부 및 유사식품 제조업,"퇴비살포기,그레이더,농업용기계",2021-10-07
378,중앙하드너,하선희,055-532-1876,,경상남도 창녕군 대합면 수장퇴산로 112-18,일반 제재업,"칼라하드너,침투식하드너,그라우트재,수평재",2021-10-07
379,휴네이처(Hunature),권기진,055-533-5888,055-532-7960,경상남도 창녕군 대합면 수장퇴산로 112-16,화학섬유직물 직조업,"화장품,매트,바이오관련제품,연료,안료,천연액비 ",2021-10-07
380,주식회사 대현,이기영,,055-536-9913,경상남도 창녕군 대합면 소야모전길 27,혼성 및 재생 플라스틱 소재 물질 제조업,"벌집망, 안전망",2021-10-07
381,(주)세종페이퍼텍,이형석,055-532-8827,055-521-0210,경상남도 창녕군 대합면 모전리 919번지,"콘크리트 타일, 기와, 벽돌 및 블록 제조업",테이프용 지관,2021-10-07
382,(주)대명산업,김신영,,055-533-3102,경상남도 창녕군 대합면 모전리 173-1번지 외 6필지,자동차 차체용 신품 부품 제조업,PE이중벽관,2021-10-07
383,우리스틸주식회사,김병준,055-533-3101,055-536-1201,경상남도 창녕군 대합면 대합산업단지로 38-45,비금속류 해체 및 선별업 외 1 종,자동차 부품,2021-10-07
384,(주)디알오토텍,김봉필,055-532-8353,053-802-7041,경상남도 창녕군 대합면 대합산업단지로 38-36,산업용 로봇 제조업 외 1 종,"산업용 로봇 제조, 그외 기타 특수 목적용 기계 제조업",2021-10-07
385,대양기업공업사,김태규,055-532-1149,,경상남도 창녕군 대합면 대합공단길 35-11,농업 및 임업용 기계 제조업 외 1 종,금속제옷걸이,2021-10-07
386,퍼시픽산업,이무균,055-532-7210,053-616-7502,경상남도 창녕군 대합면 대합공단길 26,어망 및 기타 끈 가공품 제조업,PE쉬트롤,2021-10-07
387,신광섬유산업,송동윤,055-532-7959,,경상남도 창녕군 대합면 경남대로 5279-29,산업용 그 외 비경화 고무제품 제조업 외 2 종,"나일론, 폴리에스텔, 스판",2021-10-07
388,창녕벽돌공장,김영숙,055-532-8990,,경상남도 창녕군 대지면 우포유어농로 634,부직포 및 펠트 제조업,블록,2021-10-07
389,(주)세현,이재형,,055-533-1878,경상남도 창녕군 대지면 왕산리 355번지 외 2필지,콘크리트 관 및 기타 구조용 콘크리트 제품 제조업,"벌집망, 안전망",2021-10-07
390,(유)신한코리아,박갑순,055-526-2861,,경상남도 창녕군 남지읍 남지공단길 23 (총 4 필지) 외 3필지,"콘크리트 타일, 기와, 벽돌 및 블록 제조업",판넬,2021-10-07
391,(주)이오스코리아,이호기,055-585-2713,055-536-0761,경상남도 창녕군 고암면 원촌어은길 154,일반 제재업,"화장실칸막이,조립식패널,조절식 책상, 의자",2021-10-07
392,수풀림목재,최영훈,,055-584-7217,경상남도 창녕군 고암면 억만리 1097-5번지 외 9필지,플라스틱 필름 제조업 외 1 종,"일반제재목(각재,판재)",2021-10-07
393,대건(주),정재승,055-521-5544,055-532-0317,경상남도 창녕군 계성면 준공업단지길 37,그 외 기타 식료품 제조업 외 1 종,자동차용부동액,2021-10-07
394,(주)코스모테크,조영현,055-323-0892,,경상남도 창녕군 계성면 영산계성로 400,"카펫, 마루덮개 및 유사제품 제조업","수위관측시설물, 수위표, 지관부자 등",2021-10-07
395,(주)삼부,박추성,,055-532-3772,경상남도 창녕군 계성면 광계마을길 194 (총 2 필지) 외 1필지,혼성 및 재생 플라스틱 소재 물질 제조업,조향장치,2021-10-07
396,(주)대림산업,이성갑,,055-533-5888,경상남도 창녕군 계성면 광계리 1120번지 외 2필지,그 외 기타 식료품 제조업 외 2 종,가스탱크 등,2021-10-07
397,(주)디자인남영,손승웅,055-532-2900,053-614-7444,경상남도 창녕군 창녕읍 환곡어도로 82,복합비료 및 기타 화학비료 제조업,"식생메트, 일반용 조명장치",2021-10-07
398,(주)천마석재산업,이미숙,055-533-0347,051-955-3693,경상남도 창녕군 창녕읍 비들재길 25-42,"금속 문, 창, 셔터 및 관련제품 제조업",석재가공품,2021-10-07
399,한맥용사촌,임동팔,055-521-9901,055-533-8812,경상남도 창녕군 장마면 창녕장마로 257-39,"목재 포장용 상자, 드럼 및 유사용기 제조업",제재목,2021-10-07
400,(주)자미에프앤비,윤동환,055-532-5222,055-532-4457,경상남도 창녕군 이방면 이방로 445-27,그 외 자동차용 신품 부품 제조업,"식초, 고추장, 발효원액",2021-10-07
401,(주)우포라이스텍,최동헌,055-532-7068,055-532-2906,경상남도 창녕군 유어면 우포1대로 588,코르크 및 조물제품 제조업 외 1 종,현미 가공 식품,2021-10-07
402,주식회사 엘에스지,이석규,055-294-8935,,경상남도 창녕군 유어면 외부풍조로 189,농업 및 임업용 기계 제조업,고무칩,2021-10-07
403,영농조합법인 창녕 도리원,권수열,055-521-6622,055-532-1206,경상남도 창녕군 영산면 온천로 103-25 (총 2 필지) 외 1필지,기타 곡물 가공품 제조업,짱아찌류,2021-10-07
404,윤진에프엔에스,김나연,055-536-5005,,경상남도 창녕군 영산면 영산월령로 414-12,"식초, 발효 및 화학 조미료 제조업 외 2 종",김말이,2021-10-07
405,기훈테크,박정훈,055-521-2235,055-532-9553,경상남도 창녕군 영산면 영산도천로 486,육상 금속 골조 구조재 제조업 외 1 종,반도체 검사장비 및 시설장비,2021-10-07
406,대영목재,구자준,055-536-7782,055-521-9994,경상남도 창녕군 영산면 열무고개길 36-11,동물용 의약품 제조업 외 2 종,일반목재,2021-10-07
407,(주)홍익,옥룡,055-806-7777,055-532-4656,경상남도 창녕군 영산면 신제리 1404번지 외 3필지,복합비료 및 기타 화학비료 제조업 외 1 종,인명구조용무인조정보트,2021-10-07
408,청하식품,김성률,055-573-3234,055-533-0348,경상남도 창녕군 영산면 서리상촌길 246,기타 석제품 제조업,"고추가루, 다진마늘",2021-10-07
409,(주)창진유기,최제일,055-532-1556,,경상남도 창녕군 성산면 정녕리 409번지 외 1필지 외 1필지,오락 및 스포츠용 보트 건조업,비료,2021-10-07
410,천마농산,배영화,055-532-5406,,경상남도 창녕군 성산면 대터공단길 75,육상 금속 골조 구조재 제조업 외 1 종,고추가루,2021-10-07
411,정인섬유,석점수,055-532-1657,,경상남도 창녕군 성산면 대터공단길 55,특수 직물 및 기타 직물 직조업,M.C.C원단,2021-10-07
412,경남산업,김종복 외 1명,,055-521-2236,경상남도 창녕군 성산면 구례동길 67-13 외 4필지,그 외 기타 금속가공업,산업용 벨트슬링,2021-10-07
413,(주)삼진기계,이권재,055-532-9388,,경상남도 창녕군 대합면 용산유산로 6 (총 2 필지) 외 1필지,"면류, 마카로니 및 유사식품 제조업 외 1 종",양파줄기제거기,2021-10-07
414,DS산업,"김인석,김나은",,055-806-7022,경상남도 창녕군 대합면 와룡동길 38-23 외 3필지,그 외 기타 특수목적용 기계 제조업 외 1 종,철구조물,2021-10-07
415,농업회사법인 우포바이오푸드,김준형,,,경상남도 창녕군 대합면 수장퇴산로 33-19,끈 및 로프 제조업,"우리밀국수,양파국수",2021-10-07
416,(주)정수이엔지,박성찬,055-532-8572,055-536-7783,경상남도 창녕군 대합면 수장퇴산로 112-42 (총 4 필지) 외 3필지,일반 제재업,철구조물,2021-10-07
417,대경세륜기,고명관,055-806-7020,055-533-2366,경상남도 창녕군 대합면 소야모전길 41,기타 과실ㆍ채소 가공 및 저장 처리업,자동세륜기,2021-10-07
418,대성연사,신동현,,053-584-8755,경상남도 창녕군 대합면 소야모전길 142,비금속류 해체 및 선별업 외 1 종,"끈, 로프",2021-10-07
419,청명,표진환,055-533-2366,,경상남도 창녕군 대합면 둔지길 30-27,특수 직물 및 기타 직물 직조업,완충포장재,2021-10-07
420,신창섬유,이춘자,,055-521-6621,경상남도 창녕군 대합면 둔지길 29-12 외 6필지,김치류 제조업 외 1 종,섬유,2021-10-07
421,진성테크,진승환,,055-536-6006,경상남도 창녕군 대합면 대합산업단지로 38-16,도시락류 제조업 외 1 종,경보기능을 지닌 러버콘,2021-10-07
422,(주)가라시마,현상운,053-614-7400,055-532-3902,경상남도 창녕군 대합면 대동월포로 343,화학섬유직물 직조업,액체비료,2021-10-07
423,(주)대진실업,김태현,055-533-8812,055-294-9180,경상남도 창녕군 대지면 학성세거리길 252,그 외 기타 고무제품 제조업,"운반용목제상자, 톱밥",2021-10-07
424,(주)두남에스에이,정병길,055-532-4460,055-533-1792,경상남도 창녕군 대지면 대지농공단지길 24-35,교통 신호장치 제조업 외 1 종,휠커버,2021-10-07
425,동광환경(주),장동식,053-554-2281,,경상남도 창녕군 대지면 관동길 16,천연 및 혼합조제 조미료 제조업,합성수지,2021-10-07
426,(주)경연,김원경,051-365-3693,055-532-8656,경상남도 창녕군 남지읍 남지공단길 9,폴리스티렌 발포 성형제품 제조업 외 1 종,알루미늄 창호,2021-10-07
427,도영농산,도재무,055-533-2366,055-806-7234,경상남도 창녕군 고암면 갈전길 194,천연 및 혼합조제 조미료 제조업,탈피양파,2021-10-07
428,(주)지피아이,박갑환,055-521-9991,055-521-9903,경상남도 창녕군 계성면 준공업단지길 32-2 외 1필지,일반 제재업,"소독제,보조사료",2021-10-07
429,미래산업,이현용,055-533-0028,055-533-1715,경상남도 창녕군 창녕읍 환곡어도로 26,그 외 기타 분류 안된 비금속 광물제품 제조업,학생용 책상 및 의자,2021-10-07
430,(주)대진,하춘기,055-533-0074,055-326-2115,경상남도 창녕군 창녕읍 신촌리 669-4번지 외 2필지,기타 구조용 금속제품 제조업 외 1 종,칼라규사,2021-10-07
431,혜원식품,이재환,,,경상남도 창녕군 장마면 장마고곡로 169,침구 및 관련제품 제조업 외 6 종,혼합조미료,2021-10-07
432,서울뉴세라믹스,양승학,055-536-2872,,경상남도 창녕군 장마면 신늪길 99 (총 3 필지) 외 2필지,기타 구조용 금속제품 제조업,부정형내화물,2021-10-07
433,두메산식품,고경숙,055-521-2727,055-526-1785,경상남도 창녕군 영산면 온천로 103-26,복합비료 및 기타 화학비료 제조업 외 1 종,양파즙,2021-10-07
434,한솔지주목,김태길,,055-533-2665,경상남도 창녕군 영산면 열무고개길 36-11,기타 과실ㆍ채소 가공 및 저장 처리업,지주목,2021-10-07
435,태화산업,차현수,0507-1324-1581,,경상남도 창녕군 영산면 신제로 97-48,건강보조용 액화식품 제조업,"철구조물(휀스, 도로시설물 등)",2021-10-07
436,부곡목재가공산업,김영득,055-536-9707,,경상남도 창녕군 도천면 온천로 258,금속 가구 제조업,목재상자,2021-10-07
437,(주)성신,김남심,055-335-7000,055-536-8820,경상남도 창녕군 도천면 경남대로 3103,"목재 포장용 상자, 드럼 및 유사용기 제조업",컨테이너,2021-10-07
438,한영그리드,권대용,055-533-2887,055-536-2873,경상남도 창녕군 대합면 수장퇴산로 40,정형 내화 요업제품 제조업 외 1 종,그리드,2021-10-07
439,세기산업,김세기,,055-806-7556,경상남도 창녕군 대합면 소야모전길 98-91 외 6필지,선박 구성 부분품 제조업,"선박용 배관파이프, 소규모철구조",2021-10-07
440,코리아정밀산업사,김재원,055-532-5890,,경상남도 창녕군 대합면 모지길 23,기타 석제품 제조업,정첩,2021-10-07
441,농업회사법인 형제농산(주),노기성,055-533-2666,055-221-2005,경상남도 창녕군 대지면 우포1대로 1345,침구 및 관련제품 제조업 외 2 종,야채슬러시,2021-10-07
442,금호프렌지,김재윤,,,경상남도 창녕군 대지면 대지농공단지길 20,기타 일반 기계 및 장비 수리업,"프렌지,자동차부품",2021-10-07
443,주식회사 하늘샘푸드,이재준,055-521-7750,055-327-8102,경상남도 창녕군 남지읍 성사관동길 109,"금속 문, 창, 셔터 및 관련제품 제조업","국산참기름, 들기름, 들깨가루, 양파, 오미자고추장, 오미자잼",2021-10-07
444,제이SK기계,김명희,,055-521-7760,경상남도 창녕군 남지읍 박진로 1695,식물성 유지 제조업 외 3 종,수리농기계,2021-10-07
445,남지농협 공동퇴비장,남지농협장,055-526-1785,055-532-8834,경상남도 창녕군 남지읍 남지대곡길 10 (총 2 필지) 외 1필지,일반철물 제조업,부산물비료,2021-10-07
446,주식회사 건원,제창현,,0504-375-1581,경상남도 창녕군 남지읍 남지공단길 9,육상 금속 골조 구조재 제조업,"금속 문,창,셔터 및 관련제품 제조업",2021-10-07
447,가림건설 조은창,오세록,055-292-1171,,경상남도 창녕군 남지읍 낙동로 307,일반 제재업 외 1 종,"커튼, 무대막, 롤스크린, 금속문, 창, 셔터 및 차양 관련제품",2021-10-07
448,이안건설,이채현,055-243-0829,055-533-2888,경상남도 창녕군 남지읍 낙동로 307,플라스틱 접착처리 제품 제조업 외 3 종,"커튼, 무대막, 롤스크린",2021-10-07
449,화성식품,송점순,055-521-1224,,경상남도 창녕군 계성면 명리월평길 6,천연 및 혼합조제 조미료 제조업,냉면,2021-10-07
450,우석조각연구원,양정모,,055-521-1224,경상남도 창녕군 계성면 명리 284 번지 외 1필지,"면류, 마카로니 및 유사식품 제조업 외 1 종","불상,상석",2021-10-07
451,화왕산식품,권용태,055-521-6688,055-521-2345,경상남도 창녕군 계성면 계성화왕산로 248 (총 3 필지) 외 2필지,기타 곡물 가공품 제조업 외 1 종,"메주,된장,청국장",2021-10-07
452,교동농산,성호규,055-533-6963,,경상남도 창녕군 창녕읍 향교길 134 (총 7 필지) 외 6필지,그 외 기타 분류 안된 화학제품 제조업 외 1 종,곡물도정,2021-10-07
453,(주)동호산업,"이재진,김상원",,050-4479-9392,경상남도 창녕군 창녕읍 직교리 374-17번지,방전램프용 안정기 제조업 외 1 종,"방착제,이형제",2021-10-07
454,상보스틸주식회사,오광호,055-536-3350,055-536-0787,경상남도 창녕군 장마면 영산장마로 36,그 외 기타 금속가공업 외 2 종,용접철망,2021-10-07
455,대광기계,문규주,055-532-3991,055-532-9925,경상남도 창녕군 이방면 뒷골길 14 (총 3 필지) 외 2필지,그 외 기타 종이 및 판지 제품 제조업,"사출기부품(가동반, 고정반, 클래필하우징)",2021-10-07
456,케이엠피,주재식,055-532-3843,,경상남도 창녕군 유어면 우포1대로 285 외 2필지,"금속 문, 창, 셔터 및 관련제품 제조업",금속분말,2021-10-07
457,(주)룩서스,조정열,055-521-0369,055-533-3737,경상남도 창녕군 영산면 영산도천로 476-19,곡물 도정업,"가정용 전기기기 제조(조명), 인버터, 광고물",2021-10-07
458,두메산식품,안정순,055-521-2727,055-532-3991,경상남도 창녕군 영산면 신영산로 53,자동차용 금속 압형제품 제조업 외 1 종,양파즙,2021-10-07
459,가온공조 주식회사,허미영,055-233-0433,055-532-0683,경상남도 창녕군 부곡면 학포장터길 101,"기타 섬유, 의복 및 가죽 가공 기계 제조업","환기덕트,주방후드",2021-10-07
460,동일특수고무(주),김영환,,,경상남도 창녕군 도천면 치이골길 41-32,고무패킹류 제조업 외 2 종,"고무방충재, 고무패드",2021-10-07
461,제이제이 인터네셔널,박정결,070-8866-4021,055-536-0599,경상남도 창녕군 도천면 도천중앙로 241,차류 가공업,소스류,2021-10-07
462,세명스틸,황규완,,055-526-0340,경상남도 창녕군 도천면 경남대로 3133,육상 금속 골조 구조재 제조업 외 1 종,가공철근,2021-10-07
463,우영,이강식,055-532-5320,055-536-3351,경상남도 창녕군 대합면 대합공단길 36-7,금속선 가공제품 제조업,구조물 부품 제조(철판 등),2021-10-07
464,신화섬유,이종용,055-532-7126,,경상남도 창녕군 대합면 경남대로 5279-21,그 외 기타 금속가공업,스판/포리 직물,2021-10-07
465,정우건설기계,정종환,,,경상남도 창녕군 대합면 경남대로 5133,연사 및 가공사 제조업,어태치먼트,2021-10-07
466,E.P.I환경상사,권오덕,055-532-9925,055-532-5302,경상남도 창녕군 대지면 효정직교길 129,구조용 금속 판제품 및 공작물 제조업,지란좌,2021-10-07
467,동일 베어링,정경호,055-532-0681,,경상남도 창녕군 대지면 대지농공단지길 24-17,건설.광업용 기계 및 장비 수리업,베어링강,2021-10-07
468,반포가설유로폼,"하미영, 박정국",055-526-0330,,경상남도 창녕군 계성면 영산계성로 352,장류 제조업,"유로폼, 시스템비계",2021-10-07
469,호신농산,김종열,055-521-8051,,경상남도 창녕군 계성면 새못길 12,기타 1차 비철금속 제조업,고춧가루,2021-10-07
470,(주)태영테크,우창호,055-536-0786,055-536-8051,경상남도 창녕군 계성면 광계마을길 204,천연 및 혼합조제 조미료 제조업,"산업기계,조선기자재,Steel plate부품",2021-10-07
471,(주)세종일신,안옥선,,055-532-7933,"경상남도 창녕군 대합면 수장퇴산로 112-42, A-1",육상 금속 골조 구조재 제조업 외 1 종,현장 조립식 맨홀,2021-10-07
472,(주)가야이에스씨,윤병국,055-532-0080,055-532-7933,경상남도 창녕군 대합면 등지리 973-1번지,기타 구조용 금속제품 제조업,철구조물,2021-10-07
473,(주)가야이에스씨,윤병국,055-532-0080,,경상남도 창녕군 대합면 도개길 59 외 10필지,금속탱크 및 저장용기 제조업 외 2 종,철구조물,2021-10-07
474,(주)유일,한영홍,055-532-4741,055-532-7771,경상남도 창녕군 대합면 대합공단길 36-14,일반 창고업,창고업,2021-10-07
475,홍제식품,하정자,055-533-4123,,경상남도 창녕군 고암면 창밀로 320-1,그 외 기타 식료품 제조업,환류,2021-10-07
476,(주)대성이노텍 ,"김범석, 김용철",055-587-7733,055-587-7734,경상남도 창녕군 장마면 초곡길 322,철도차량 부품 및 관련 장치물 제조업,"객차, 전동차, 기관차(구체, SIDE, ROOF,U/F,END)",2021-10-07
477,윤진푸드,권경숙,055-536-7471,,경상남도 창녕군 영산면 영산월령로 414-16,무기안료용 금속 산화물 및 관련 제품 제조업,돈까스,2021-10-07
478,(주)벽진피앤티(P&T)),이종학,053-584-8444,070-8230-5665,경상남도 창녕군 영산면 신제로 299-7 외 5필지,육상 금속 골조 구조재 제조업,건축용자재(만넬),2021-10-07
479,필드마스터(주),최태식,055-521-9461,055-532-7221,경상남도 창녕군 도천면 덕곡안길 8-36 (도천면) 외 2필지,강주물 주조업,인조잔디(건조시설 제외),2021-10-07
480,(주)한본산업,권대용,055-532-1700,055-585-8867,경상남도 창녕군 대합면 수장퇴산로 78 외 3필지,기타 목재가구 제조업 외 2 종,"콘크리트타일,기와,벽돌 및블록",2021-10-07
481,부경본가,이윤호,,055-532-3705,경상남도 창녕군 대합면 모전로 260,과실 및 그 외 채소 절임식품 제조업,깐마늘,2021-10-07
482,(주)씨엠캐스팅테크놀러지,이학원,055-532-1321,,경상남도 창녕군 대합면 대합산업단지로 68-43,"콘크리트 타일, 기와, 벽돌 및 블록 제조업",밸브용 주물,2021-10-07
483,농업회사법인 영남(주),황용주,055-532-3260,055-533-1842,경상남도 창녕군 대지면 효정리 390번지 외 7필지,육류 도축업(가금류 제외) 외 1 종,축산물가공,2021-10-07
484,(주)디.엠테크,진동길,,055-536-8051,경상남도 창녕군 대지면 학성세거리길 252,천연 및 혼합조제 조미료 제조업,시멘트착색용안료,2021-10-07
485,오복초정,김주만,,055-532-8859,경상남도 창녕군 대지면 학동길 13-9,기타 과실ㆍ채소 가공 및 저장 처리업,"양파식초,현미식초",2021-10-07
486,(주)키친캐비넷,"장희정, 이창혁",055-533-6800,,경상남도 창녕군 대지면 도양새우등길 79,"식초, 발효 및 화학 조미료 제조업",반조리식품,2021-10-07
487,(주)진응,유영주,,055-536-7472,경상남도 창녕군 고암면 원촌어은길 154 외 1필지,육류 기타 가공 및 저장처리업 (가금류 제외) 외 1 종,"이동식한옥목조주택,데크제작및설치,수중(하천)보",2021-10-07
488,농업회사법인 호신농산(주),김종열,055-536-8051,055-521-9465,경상남도 창녕군 계성면 새못길 12 외 3필지,그 외 기타 플라스틱 제품 제조업,고춧가루,2021-10-07
