회사명,대표자명,전화번호,공장대표주소,업종명,데이터기준일자,생산품
(주)CK월드,조광섭,054-932-3898,성주군 성주읍 성주산업단지로1길 3,기체 여과기 제조업,2018-07-31,
(주)고려창호,최상기,,성주군 성주읍 성주산업단지로2길 144,"금속 문, 창, 셔터 및 관련제품 제조업 외 1 종",2018-07-31,
(주)그린텍,이정곤,054-933-4502,성주군 성주읍 성주산업단지로1길 120,그외 기타 자동차 부품 제조업,2018-07-31,
(주)대교,김칠연,053-586-6222,성주군 성주읍 성주산업단지로 24,그외 기타 일반목적용 기계 제조업,2018-07-31,
(주)대림산업,허만우,053-587-0062,성주군 성주읍 성주산업단지로2길 96,그외 기타 플라스틱 제품 제조업 외 1 종,2018-07-31,
(주)대일산업,서상목,054-974-6006,성주군 성주읍 성주산업단지로 50,금속 조립구조재 제조업,2018-07-31,
(주)대창하이테크,한원규,054-932-1235,성주군 성주읍 성주산업단지로1길 17,금속 성형기계 제조업 외 1 종,2018-07-31,
(주)동양엔지니어링,백인국,054-932-9842,성주군 성주읍 성주산업단지로1길 54,자동차 엔진용 부품 제조업,2018-07-31,
(주)맥스로텍 성주공장,김인환,053-584-6540,성주군 성주읍 성주산업단지로2길 131,자동차 엔진용 부품 제조업 외 2 종,2018-07-31,
(주)문루프,곽민정,,성주군 성주읍 성주산업단지로 80,그외 기타 자동차 부품 제조업,2018-07-31,
(주)부건니트,윤정환,054-931-3052,성주군 성주읍 성주산업단지로2길 52,편조원단 제조업,2018-07-31,
(주)삼성정공 성주공장,위성주,053-582-4120,성주군 성주읍 성주산업단지로1길 90,그외 기타 자동차 부품 제조업 외 1 종,2018-07-31,
(주)삼일강업,김남수,054-976-2332,성주군 성주읍 성주산업단지로 89,금속 조립구조재 제조업,2018-07-31,
(주)삼성팩 성주지점,장정환,031-654-6541,성주군 성주읍 금산리 1236번지,골판지 및 골판지상자 제조업,2018-07-31,
(주)삼성정공 성주지점,위성주,053-582-4120,성주군 성주읍 성주산업단지로1길 94,"탭, 밸브 및 유사장치 제조업 외 1 종",2018-07-31,
(주)세창,이태환,,성주군 성주읍 성주산업단지로2길 70,"플라스틱 선, 봉, 관 및 호스 제조업",2018-07-31,
(주)아림이엔지,김종우,054-931-8296,성주군 성주읍 예산리 938번지,자동차용 전기장치 제조업,2018-07-31,
(주)애픽스,강권수,054-932-9711,성주군 성주읍 성주산업단지로2길 12,그외 기타 전자부품 제조업 외 1 종,2018-07-31,
(주)원진용사,이해덕,054-956-3441,성주군 성주읍 성주산업단지로1길 60,자동차 엔진용 부품 제조업,2018-07-31,
(주)왕보,김현태,054-931-7881,성주군 성주읍 성주산업단지로2길 50,그외 기타 분류안된 섬유제품 제조업 외 1 종,2018-07-31,
(주)유니강재,박기현,054-971-3780,성주군 성주읍 성주산업단지로2길 132,"금속 문, 창, 셔터 및 관련제품 제조업",2018-07-31,
(주)유니스틸,박기현,054-977-9656,성주군 성주읍 성주산업단지로2길 132,절삭가공 및 유사처리업,2018-07-31,
(주)제로벡,손근호,,성주군 성주읍 성주산업단지로 78,그외 기타 자동차 부품 제조업,2018-07-31,
(주)지에스티,황성길,053-471-0930,"성주군 성주읍 성주산업단지로2길 120-5, 다동",설치용 금속탱크 및 저장용기 제조업,2018-07-31,
(주)진일공업,"황성, 황성준",054-604-5755,성주군 성주읍 성주산업단지로 78-16,자동차 엔진용 부품 제조업 외 1 종,2018-07-31,
(주)창성밴드,박길헌,053-615-6308,성주군 성주읍 성주산업단지로2길 51,끈 및 로프 제조업 외 1 종,2018-07-31,
(주)천일공조,천희욱,053-591-1001,성주군 성주읍 성주산업단지로2길 150-16,구조용 금속판제품 및 금속공작물 제조업,2018-07-31,
(주)케이씨테크,이대은,053-591-0320,성주군 성주읍 성주산업단지로 90,자동차 엔진용 부품 제조업,2018-07-31,
(주)케이씨엘,신명옥,054-931-7327,성주군 성주읍 성주산업단지로1길 53,"탭, 밸브 및 유사장치 제조업",2018-07-31,
(주)평화산자 성주지점,박종혁,054-931-4091,성주군 성주읍 성주산업단지로2길 116,특수직물 및 기타직물 직조업,2018-07-31,
(주)하나이노베이션,남영철,053-586-1008,성주군 성주읍 성주산업단지로2길 140,구조용 금속판제품 및 금속공작물 제조업,2018-07-31,
(주)한두아이펨,이정철,,성주군 성주읍 성주산업단지로2길 16,"전기회로 개폐, 보호 및 접속 장치 제조업",2018-07-31,
(주)한진보일러,김명희,054-932-0301,"성주군 성주읍 성주산업단지로1길 17, 라동, 마동",가정용 비전기식 조리 및 난방 기구 제조업 외 1 종,2018-07-31,
CSM Implant,조성암,053-952-8261,성주군 성주읍 성주산업단지로 35,정형외과용 및 신체보정용 기기 제조업,2018-07-31,
HS크린텍,김원희,053-556-4400,성주군 성주읍 성주산업단지로1길 41,"산업용 섬유세척, 염색, 정리 및 가공 기계 제조업 외 1 종",2018-07-31,
거봉,이현식,053-582-3431,성주군 성주읍 성주산업단지로2길 124,"금속 문, 창, 셔터 및 관련제품 제조업",2018-07-31,
거성테크,김형건,054-933-8368,성주군 성주읍 성주산업단지로 42,금속 성형기계 제조업,2018-07-31,
거봉하이텍,이현희,053-932-3430,성주군 성주읍 성주산업단지로2길 124,일반철물 제조업,2018-07-31,
대구자원(주),이경규,053-933-8368,성주군 성주읍 성주산업단지로 42,그외 기타 특수목적용 기계 제조업,2018-07-31,
디에스테크,김영자,053-581-4041,성주군 성주읍 예산리 934번지,그외 기타 자동차 부품 제조업 외 1 종,2018-07-31,
명일폼(주),노성열,054-931-3912,성주군 성주읍 성주산업단지로 23,플라스틱 발포 성형제품 제조업,2018-07-31,
브이피에이치메탈(유),"이명석,에릭발리베",054-930-5300,성주군 성주읍 성주산업단지로1길 99,자동차용 동력전달장치 제조업 외 1 종,2018-07-31,
삼부금속산업,김쌍호,053-358-5138,성주군 성주읍 성주산업단지로2길 144,일반철물 제조업,2018-07-31,
선경산업사,송형갑,054-932-4950,성주군 성주읍 성주산업단지로1길 47,금속파스너 및 나사제품 제조업,2018-07-31,
성산테크(주),홍영승,053-582-1185,성주군 성주읍 예산리 939번지,그외 기타 자동차 부품 제조업,2018-07-31,
성진영농조합법인,장성기,054-931-8401,성주군 성주읍 성주산업단지로2길 45,기타 과실·채소 가공 및 저장처리업,2018-07-31,
세경ENG,김순성,054-931-4854,성주군 성주읍 성주산업단지로2길 16,전동기 및 발전기 제조업,2018-07-31,
신생공업(주),"신경록, 신성용",054-931-5812,성주군 성주읍 성주산업단지로1길 20,분말야금제품 제조업,2018-07-31,
아주에스엔티,신수희,054-271-4088,성주군 성주읍 성주산업단지로 72,자동차 차체용 부품 제조업,2018-07-31,
엔케이디,송정훈,053-584-7688,성주군 성주읍 성주산업단지로 41,전기용 탄소제품 및 절연제품 제조업,2018-07-31,
영창케미칼(주) 제4공장,이성일,054-930-2500,성주군 성주읍 성주산업단지로 49,그외 기타 전자부품 제조업,2018-07-31,
우성테크,서순분,053-588-5720,성주군 성주읍 성주산업단지로 82,그외 기타 자동차 부품 제조업,2018-07-31,
원광테크,김형섭,054-931-9899,성주군 성주읍 성주산업단지로1길 17,기타 물품취급장비 제조업,2018-07-31,
육일FGC,여권택,054-933-7041,성주군 성주읍 성주산업단지로 58-13,그외 기타 자동차 부품 제조업,2018-07-31,
정인H&SP,김영길,054-931-9041,성주군 성주읍 성주산업단지로2길 59,금속 열처리업,2018-07-31,
제이앤케이(주),박진형,054-933-1236,성주군 성주읍 성주산업단지로2길 120-5,"금속 문, 창, 셔터 및 관련제품 제조업",2018-07-31,
지앤비산업,임상규,054-933-9328,성주군 성주읍 성주산업단지로2길 120-5,"금속 문, 창, 셔터 및 관련제품 제조업",2018-07-31,
태양산업,노진용,,성주군 성주읍 금산리 1251번지,그외 기타 일반목적용 기계 제조업,2018-07-31,
하나섬유,박충길,054-931-3454,성주군 성주읍 금산리 1237번지,연사 및 가공사 제조업,2018-07-31,
한국파워트레인(주),김상태,054-930-3000,성주군 성주읍 성주산업단지로2길 22,자동차용 동력전달장치 제조업,2018-07-31,
(주)경영산업,안문화,053-639-0227,성주군 월항면 월항지방공단길 18,건설용 석제품 제조업 외 1 종,2018-07-31,
(주)일성테크,박명옥,054-979-2203,성주군 월항면 월항지방공단길 31,기체 여과기 제조업 외 3 종,2018-07-31,
(주)한성석재,강미경,054-933-6214,성주군 월항면 월항지방공단길 17,건설용 석제품 제조업,2018-07-31,
가산석재,전숙이,054-933-8114,성주군 월항면 월항지방공단길 9,건설용 석제품 제조업,2018-07-31,
건영석재,정익진,054-931-2310,성주군 월항면 월항지방공단길 24,건설용 석제품 제조업,2018-07-31,
경영석재,김영숙,054-931-0497,성주군 월항면 월항지방공단길 18,비주거용 건물 임대업,2018-07-31,
대원산업,서찬교,,성주군 월항면 월항지방공단길 31,농업 및 임업용 기계 제조업,2018-07-31,
대일석재,김형천,,성주군 월항면 월항지방공단길 7,건설용 석제품 제조업,2018-07-31,
동방석재산업,황상목,054-933-8313,성주군 월항면 월항지방공단길 35,건설용 석제품 제조업,2018-07-31,
문경석재,최준열,054-931-8032,성주군 월항면 월항지방공단길 13,건설용 석제품 제조업,2018-07-31,
미진스톤,김종,,성주군 월항면 월항지방공단길 23,석재성형가공품제조업,2018-07-31,
삼화석재,서민순,054-933-1721,성주군 월항면 월항지방공단길 27,비주거용 건물 임대업,2018-07-31,
성우석재산업,박만정,054-931-9116,성주군 월항면 월항지방공단길 14,건설용 석제품 제조업,2018-07-31,
영진석재(주),김복구,054-931-0737,성주군 월항면 월항지방공단길 22,건설용 석제품 제조업,2018-07-31,
정우실업,김갑수,054-933-9491,성주군 월항면 월항지방공단길 25,기타 석제품 제조업,2018-07-31,
주식회사 대경건업 성주지점,김동규,053-762-8016,성주군 월항면 월항지방공단길 27,건설용 석제품 제조업,2018-07-31,
청화산업개발(주),고은실,054-933-0477,성주군 월항면 유월리 산 933-7번지,건설용 석제품 제조업,2018-07-31,
태영석물,김종명,,성주군 월항면 유월리 932-4 번지,기타 석제품 제조업,2018-07-31,
(주)구일산업성주2공장,고성호,054-933-4219,성주군 월항면 월항농공단지1길 20,연사 및 가공사 제조업,2018-07-31,
(주)금성산업 성주제2공장,이장춘,054-931-2659,성주군 월항면 월항농공단지1길 42-11,기계장비 조립용 플라스틱제품 제조업,2018-07-31,
(주)금성산업,이장춘,054-931-2655,성주군 월항면 월항농공단지1길 41,기계장비 조립용 플라스틱제품 제조업,2018-07-31,
(주)대성식품,천병창,054-931-7229,성주군 월항면 월항농공단지2길 15,과실 및 채소 절임식품 제조업,2018-07-31,
(주)동아필름,박회국,054-933-8535,성주군 월항면 월항농공단지1길 63,"플라스틱 필름, 시트 및 판 제조업",2018-07-31,
(주)베스트모카,백신성,054-931-2241,성주군 월항면 월항농공단지1길 45,기타 편조의복 액세서리 제조업,2018-07-31,
(주)유일코퍼레이션,이인숙,054-931-4442,성주군 월항면 월항농공단지1길 24,화학섬유직물 직조업,2018-07-31,
(주)유성특수산업,서동수,054-931-3257,성주군 월항면 월항농공단지1길 54,특수직물 및 기타직물 직조업,2018-07-31,
(주)일성산업,송철한,054-977-8827,성주군 월항면 월항농공단지1길 44,"플라스틱 포대, 봉투 및 유사제품 제조업 외 1 종",2018-07-31,
(주)제스코,이기원,054-931-0700,성주군 월항면 월항농공단지1길 1,강관 제조업,2018-07-31,
(주)케이티지성주사업장,"장명식, 장진호",054-931-1477,성주군 월항면 월항농공단지1길 2,플라즈마 및 기타 평판 디스플레이 제조업,2018-07-31,
(주)한국이엔씨,도재곤,054-933-9852,성주군 월항면 월항농공단지1길 42-29,배전반 및 전기자동제어반 제조업,2018-07-31,
(주)현진,박근식,053-751-1417,성주군 월항면 월항농공단지1길 42-29,일반용 전기 조명장치 제조업 외 5 종,2018-07-31,
(주)화진스틸,유화진,054-931-1100,성주군 월항면 월항농공단지1길 65,금속선 가공제품 제조업,2018-07-31,
C&S(주),현치문,,성주군 월항면 월항농공단지1길 42-16,"플라스틱 포대, 봉투 및 유사제품 제조업",2018-07-31,
금천산업,이금찬,,성주군 월항면 월항농공단지1길 11,화학섬유직물 직조업,2018-07-31,
대경아이티,최성국,054-931-0444,성주군 월항면 월항농공단지1길 42-29,방송장비 제조업 외 5 종,2018-07-31,
대광섬유,정종원,054-931-6440,성주군 월항면 월항농공단지1길 35,연사 및 가공사 제조업,2018-07-31,
대광섬유 성주2공장,정종원,054-931-1166,성주군 월항면 월항농공단지2길 23,화학섬유직물 직조업,2018-07-31,
대림이앤티,신대일,,성주군 월항면 월항농공단지2길 15,액체 펌프 제조업 외 2 종,2018-07-31,
대양제면,권호용,054-931-6374,성주군 월항면 월항농공단지1길 33,"면류, 마카로니 및 유사식품 제조업",2018-07-31,
대은산업,권영주,054-931-8631,성주군 월항면 월항농공단지2길 9,섬유사 및 직물 호부처리업,2018-07-31,
대한산업,이진석,054-931-6111,성주군 월항면 월항로 147,합성수지 및 기타 플라스틱물질 제조업,2018-07-31,
대호산업,천선례,054-933-6870,"성주군 월항면 월항농공단지1길 42-28,",부직포 및 펠트 제조업 외 1 종,2018-07-31,
대진섬유,이영모,054-931-8141,성주군 월항면 월항로 161,화학섬유직물 직조업,2018-07-31,
동문산업(주),김병영,054-931-2115,성주군 월항면 월항농공단지1길 42-21,일반철물 제조업 외 2 종,2018-07-31,
동우에이치에스티(주),정수진,054-931-0890,성주군 월항면 월항농공단지2길 29,금속 열처리업,2018-07-31,
목화표장갑,백규현,054-931-2241,성주군 월항면 월항농공단지1길 45,편조제품 제조업 외 1 종,2018-07-31,
비케이텍스,류병권,054-933-9285,성주군 월항면 월항농공단지1길 30,연사 및 가공사 제조업,2018-07-31,
삼원글로벌,이준엽,054-931-9922,성주군 월항면 월항농공단지2길 29,금속 열처리업,2018-07-31,
삼우포장,한종희,,성주군 월항면 월항농공단지1길 12,골판지 및 골판지상자 제조업,2018-07-31,
삼광산업,도호곤,054-931-4500,성주군 월항면 월항농공단지1길 42-15,기타 인쇄업 외 2 종,2018-07-31,
서광물산,김대균,054-931-6114,성주군 월항면 월항농공단지1길 66,연사 및 가공사 제조업,2018-07-31,
세원후렉소(주),김성남,054-931-0773,성주군 월항면 월항농공단지1길 49,기타 인쇄업,2018-07-31,
에스디에스(주),박종안,054-933-0004,성주군 월항면 월항농공단지1길 21,컴퓨터시스템 통합 자문 및 구축 서비스업 외 4 종,2018-07-31,
에이지에이텍스(주)성주공장,김주형,054-931-6117,성주군 월항면 월항농공단지1길 30,화학섬유직물 직조업,2018-07-31,
유일실업,류일선,054-931-1747,성주군 월항면 월항농공단지1길 24,화학섬유직물 직조업,2018-07-31,
주식회사코리아파이프,이정희,054-715-6780,성주군 월항면 월항농공단지1길 62,"플라스틱 선, 봉, 관 및 호스 제조업 외 2 종",2018-07-31,
현대파이프(주),조선제,054-534-3614,성주군 월항면 월항농공단지1길 62,"플라스틱 선, 봉, 관 및 호스 제조업",2018-07-31,
(주)금오섬유,박세훈,054-372-2103,성주군 선남면 선남농공단지길 18,특수직물 및 기타직물 직조업,2018-07-31,
(주)세영,이천세,054-931-2267,성주군 선남면 선남농공단지길 42,연사 및 가공사 제조업 외 2 종,2018-07-31,
(주)세영,이천세,054-931-2267,성주군 선남면 선남농공단지길 22,연사 및 가공사 제조업 외 2 종,2018-07-31,
(주)이코우,김경규,054-933-1870,성주군 선남면 선남농공단지길 38,액체 여과기 제조업 외 10 종,2018-07-31,
(주)태원섬유,허진호,054-931-1086,성주군 선남면 선남농공단지길 30,화학섬유직물 직조업,2018-07-31,
대건직물,김태하,054-933-1100,성주군 선남면 선남농공단지길 26,견직물 직조업,2018-07-31,
동신섬유,장성학,,성주군 선남면 선남농공단지길 34,연사 및 가공사 제조업,2018-07-31,
우성직물,이상우,054-932-1494,성주군 선남면 선남농공단지길 13,화학섬유직물 직조업,2018-07-31,
윤진하이텍 주식회사,이대윤,,성주군 선남면 선남농공단지길 13,부직포 및 펠트 제조업,2018-07-31,
한신섬유(주),이상훈,054-933-1157,성주군 선남면 선남농공단지길 35,화학섬유직물 직조업,2018-07-31,
(주)경농산업,우영창,054-933-8020,성주군 성주읍 성주농공단지길 37,"플라스틱 필름, 시트 및 판 제조업",2018-07-31,
(주)대일텍스타일,정병의,054-933-9960,성주군 성주읍 성주농공단지길 14,화학섬유직물 직조업,2018-07-31,
(주)디자인랜드,이윤경,053-744-5393,성주군 성주읍 성주농공단지길 72,표면가공목재 및 특정 목적용 제재목 제조업 외 3 종,2018-07-31,
(주)리버유토피아,안도균,054-934-4387,성주군 성주읍 성주농공단지길 14,건설용 석제품 제조업 외 4 종,2018-07-31,
(주)명언,김종복,054-933-8945,성주군 성주읍 성주농공단지길 36,기타 구조용 금속제품 제조업,2018-07-31,
(주)성광,허덕열,054-933-9987,성주군 성주읍 성주농공단지길 30,포장용 플라스틱 성형용기 제조업,2018-07-31,
(주)아이엔텍,방성기,053-591-3720,성주군 성주읍 성주농공단지길 72,액체 여과기 제조업 외 5 종,2018-07-31,
(주)엠제이텍스,김기필,054-933-1234,성주군 성주읍 성주농공단지길 14,연사 및 가공사 제조업,2018-07-31,
(주)와이엔씨,최우영,054-931-6544,성주군 성주읍 성주농공단지길 49,기타 종이 상자 및 용기 제조업,2018-07-31,
(주)욱일기계,방금필,054-931-6162,성주군 성주읍 성주농공단지길 29,펄프 및 종이 가공용 기계 제조업,2018-07-31,
(주)평화발레오 성주공장,"김상태,에릭발리",054-930-5113,성주군 성주읍 성주농공단지길 26,자동차용 동력전달장치 제조업,2018-07-31,
(주)하나텍스,김선임,054-933-3991,성주군 성주읍 성주농공단지길 21,견직물 직조업,2018-07-31,
성주디자인(주),박용진,054-933-1188,성주군 성주읍 성주농공단지길 72,간판 및 광고물 제조업,2018-07-31,
우원금속(주),김화언,054-933-6441,성주군 성주읍 성주농공단지길 42,자동차 엔진용 부품 제조업,2018-07-31,
하나섬유,신현부,054-933-3991,성주군 성주읍 성주농공단지길 21,견직물 직조업,2018-07-31,
협성산업,박학용,054-931-4169,성주군 성주읍 성주농공단지길 60,연사 및 가공사 제조업,2018-07-31,
현대텍스,이승호,054-933-8261,성주군 성주읍 성주농공단지길 64,섬유사 및 직물 호부처리업,2018-07-31,
휴먼텍스,신승혜,054-933-3991,성주군 성주읍 성주농공단지길 21,연사 및 가공사 제조업,2018-07-31,
(주)금성칼라팩,김전홍,053-616-4853,성주군 성주읍 성주산업단지로4길 25,골판지 및 골판지상자 제조업,2018-07-31,
(주)모토닉 성주공장,신현돈,053-589-6207,성주군 성주읍 성주산업단지로3길 67,자동차 엔진용 부품 제조업,2018-07-31,
(주)삼태성,이의환,054-932-6201,성주군 성주읍 학산리 397번지 성주2일반산업단지 A-19,자동차 차체용 부품 제조업 외 2 종,2018-07-31,
금성산업포장,김전홍,053-615-7701,성주군 성주읍 성주산업단지로4길 25,골판지 및 골판지상자 제조업,2018-07-31,
신성에스앤티 주식회사,최광영,053-609-2222,성주군 성주읍 성주산업단지로5길 59,그외 기타 자동차 부품 제조업 외 3 종,2018-07-31,
주식회사 신독,박종안,054-930-0800,성주군 성주읍 성주산업단지로5길 83,자동차 차체용 부품 제조업 외 1 종,2018-07-31,
지에스네오텍(주),남기정,,성주군 성주읍 성주산업단지로5길 59,"금속 문, 창, 셔터 및 관련제품 제조업 외 2 종",2018-07-31,
(주)거산알루미늄,홍정호,054-933-9651,성주군 성주읍 용대로 75,"알루미늄 압연, 압출 및 연신제품 제조업",2018-07-31,
(주)경민,장영애,054-933-1774,성주군 선남면 문방공단길 159,화학섬유직물 직조업,2018-07-31,
(주)DAESEO,윤정수,053-255-1889,성주군 선남면 관용로 507,기타 신발 제조업,2018-07-31,
(주)경민,장영애,054-933-1771,성주군 선남면 문방리 1382-1번지,화학섬유직물 직조업,2018-07-31,
(주)경동하이테크,"곽충보, 최경희",054-931-8893,성주군 선남면 명관로 337-21,저장용 및 위생용 플라스틱제품 제조업 외 3 종,2018-07-31,
(주)경성목재,안순애,,성주군 성주읍 금산리 515번지,목재문 및 관련제품 제조업,2018-07-31,
(주)광명분체,우정권,054-337-7400,성주군 성주읍 금산리 10-3번지,도장 및 기타 피막처리업,2018-07-31,
(주)그린엔바이론텍,김준영,,성주군 선남면 용신공단길 25,판지 상자 및 용기 제조업,2018-07-31,
(주)금성지앤씨,안호균,,성주군 초전면 주천로 1280,그외 기타 자동차 부품 제조업,2018-07-31,
(주)구일기계공업,"강은구, 이운학",054-931-1491,성주군 용암면 사곡리 1079-9번지,"산업용 섬유세척, 염색, 정리 및 가공 기계 제조업",2018-07-31,
(주)광명상사,표완섭,031-374-7704,성주군 용암면 운용로 1478-9,"카펫, 마루덮개 및 유사제품 제조업",2018-07-31,
(주)금창이피시,이철웅,054-932-0431,성주군 선남면 문방공단길 69,가공 및 재생 플라스틱원료 생산업,2018-07-31,
(주)남신테크,류혜진,054-931-5200,성주군 선남면 선노로 57,금속 조립구조재 제조업 외 1 종,2018-07-31,
(주)다홍식품,권말연,054-932-3699,성주군 선남면 선노로 55-19,과실 및 채소 절임식품 제조업,2018-07-31,
(주)금윤,장정국,054-931-2060,성주군 초전면 주천로 1244,연사 및 가공사 제조업,2018-07-31,
(주)남경티이씨,남  민,054-931-9370,성주군 금수면 대금로 290,그외 기타 자동차 부품 제조업,2018-07-31,
(주)늘품테크,김진한,054-933-7761,성주군 월항면 선월로 248,비금속원료 재생업,2018-07-31,
(주)남경,이장유,054-931-4403,성주군 선남면 오도리 66번지,"플라스틱 필름, 시트 및 판 제조업",2018-07-31,
(주)남일엔피아이,이태호,054-933-1341,성주군 선남면 관용로 190-37,자동차 엔진용 부품 제조업 외 1 종,2018-07-31,
(주)나스코,서영근,054-933-6588,성주군 성주읍 성주로 2806,비금속원료 재생업,2018-07-31,
(주)남일,송인걸,054-933-4423,성주군 선남면 용신공단길 10-28,화학섬유직물 직조업,2018-07-31,
(주)대광단조,유영선,054-931-2260,성주군 선남면 선노로 58-15,자동차 차체용 부품 제조업,2018-07-31,
(주)대덕,조병호,054-931-5387,성주군 수륜면 참별로 452,건설용 석제품 제조업,2018-07-31,
(주)대원,김종철,054-931-9992,성주군 선남면 관용로 479,기타 비료 및 질소화합물 제조업,2018-07-31,
(주)대교종합철강,유형탁,054-932-9734,성주군 선남면 나선로 987-42,금속 조립구조재 제조업,2018-07-31,
(주)대명전통주,박영순,,성주군 선남면 동암리 299번지,탁주 및 약주 제조업,2018-07-31,
(주)대양,김정동,054-933-1771,성주군 선남면 문방공단길 159,견직물 직조업,2018-07-31,
(주)대아,여상찬,054-931-3390,성주군 선남면 나선로 936,기체 여과기 제조업,2018-07-31,
(주)대동밀레니엄,백종학,054-931-9167,성주군 선남면 선노로 58-10,자동차 차체용 부품 제조업,2018-07-31,
(주)대세케미칼,황효구,054-931-2351,성주군 용암면 사곡공단1길 48,계면활성제 제조업,2018-07-31,
(주)대흥,박병옥,,성주군 초전면 문덕로 249-13,"콘크리트 타일, 기와, 벽돌 및 블록 제조업",2018-07-31,
(주)데스코성주3공장,김은태,054-970-5883,성주군 월항면 보암공단길 26-69,합성수지 및 기타 플라스틱물질 제조업 외 1 종,2018-07-31,
(주)대호콘텍,안선희,,성주군 용암면 성암로 1086-4,절삭가공 및 유사처리업,2018-07-31,
(주)덕원폴리머,장준호,054-933-0245,성주군 선남면 관화1길 21-62,가공 및 재생 플라스틱원료 생산업,2018-07-31,
(주)대일테크,노의경,053-933-3280,성주군 선남면 명관로 337-3,"산업용 섬유세척, 염색, 정리 및 가공 기계 제조업",2018-07-31,
(주)대한테크,변현수,,성주군 선남면 오도리 64번지,금속 조립구조재 제조업,2018-07-31,
(주)덕수테크,이윤규,054-933-2311,성주군 선남면 나선로 932-34,도장 및 기타 피막처리업,2018-07-31,
(주)대한실업성주지점,조성수,054-931-3452,성주군 벽진면 문덕로 112,기계장비 조립용 플라스틱제품 제조업 외 4 종,2018-07-31,
(주)더블유지웍스,맹삼현,054-932-1004,성주군 선남면 도성리 602-3번지,기타 산업용 유리제품 제조업,2018-07-31,
(주)도원환경,윤혜경,,성주군 선남면 도흥5길 65,그외 기타 고무제품 제조업,2018-07-31,
(주)동서남북,최미희,,성주군 성주읍 금산리 19-5번지,어망 및 기타 끈가공품 제조업,2018-07-31,
(주)동양테크,이병열,,성주군 용암면 용정리 80번지,합성수지 및 기타 플라스틱물질 제조업 외 1 종,2018-07-31,
(주)두향원,우영숙,054-933-1085,성주군 선남면 용신6길 43,장류 제조업,2018-07-31,
(주)동국철강,석충원,054-932-7006,성주군 선남면 관용로 357-7,기타 1차 비철금속 제조업,2018-07-31,
(주)두성산업,고두현,054-931-8339,성주군 선남면 선원2길 19,자동차용 동력전달장치 제조업,2018-07-31,
(주)도현,노병욱,,성주군 선남면 선노로 691,선철주물 주조업,2018-07-31,
(주)동호분섬,박재흠,054-931-7500,성주군 선남면 유서리길 128,연사 및 가공사 제조업,2018-07-31,
(주)동성중공업,"신정환, 박종대",054-933-5273,성주군 선남면 나선로 945,금속 조립구조재 제조업 외 1 종,2018-07-31,
(주)동양페시마,성무환,054-932-3456,성주군 용암면 성암로 1241,합금철 제조업,2018-07-31,
(주)디에스,최은준,054-933-8130,성주군 선남면 나선로 863,기타 가공공작기계 제조업 외 2 종,2018-07-31,
(주)디에스티,"박종대, 김대식",054-933-5274,성주군 선남면 나선로 945,내연기관 제조업 외 1 종,2018-07-31,
(주)디지에쓰,권준헌,054-931-9567,성주군 선남면 성주로 3758,그외 기타 자동차 부품 제조업,2018-07-31,
(주)명륜산업,이종선,054-931-3872,성주군 월항면 지산로 179,표면가공목재 및 특정 목적용 제재목 제조업,2018-07-31,
(주)디에스티,"박종대, 김대식",054-933-5274,성주군 선남면 나선로 949,내연기관 제조업 외 1 종,2018-07-31,
(주)디지에쓰,권준헌,054-931-9567,성주군 선남면 관용로 297,그외 기타 자동차 부품 제조업,2018-07-31,
(주)디에스테크,정인호,054-931-1335,성주군 용암면 사곡공단2길 28,그외 기타 플라스틱 제품 제조업,2018-07-31,
(주)디엘컴퍼니,이영순,,성주군 선남면 취곡리 264-2번지,가정용 전기 난방기기 제조업,2018-07-31,
(주)럭키산업,오덕숙,054-933-7288,성주군 월항면 대산2길 22-62,일반용 도료 및 관련제품 제조업,2018-07-31,
(주)명성이앤티,김미애,,성주군 용암면 대송로 92,표면가공목재 및 특정 목적용 제재목 제조업,2018-07-31,
(주)미래환경산업,권순호,054-932-6999,성주군 성주읍 주천로 220-45,"콘크리트 타일, 기와, 벽돌 및 블록 제조업",2018-07-31,
(주)모아,송재동,054-933-9210,성주군 선남면 문방공단길 8,화학섬유직물 직조업 외 2 종,2018-07-31,
(주)무창,이원석,042-586-0357,성주군 선남면 도성2길 75,일반용 전기 조명장치 제조업 외 5 종,2018-07-31,
(주)무안,윤상원,054-931-4300,성주군 용암면 용정공단길 26,연사 및 가공사 제조업,2018-07-31,
(주)무계상사,유명하,053-943-3119,성주군 용암면 용정리 55-7 번지,기타 비료 및 질소화합물 제조업,2018-07-31,
(주)미강기업,이한수,053-566-6183,성주군 선남면 문방길 25-27,컨베이어장치 제조업 외 1 종,2018-07-31,
(주)미성공업,전태룡,054-931-6030,성주군 초전면 대장2길 16-10,레미콘 제조업,2018-07-31,
(주)미래엔비텍,이범춘,054-933-0800,성주군 선남면 나선로 987-37,중앙난방보일러 및 방열기 제조업 외 10 종,2018-07-31,
(주)백봉환경산업,황현식,054-933-0356,성주군 용암면 사곡공단1길 31,비금속원료 재생업,2018-07-31,
(주)부강산업,서순애,054-932-5721,성주군 용암면 사곡길 16,그외 기타 고무제품 제조업 외 1 종,2018-07-31,
(주)미래산업,손명숙,054-932-4355,성주군 성주읍 주천로 153,그외 기타 플라스틱 제품 제조업 외 2 종,2018-07-31,
(주)미성에이엠스틸,장현주,,성주군 성주읍 삼산리 23-7번지,농업 및 임업용 기계 제조업,2018-07-31,
(주)보몽드,김원섭,053-586-7719,성주군 선남면 동암리 410-11번지,침구 및 관련제품 제조업,2018-07-31,
(주)보권인더스트리,심점순,054-933-1950,성주군 용암면 운용로 1478-23,직물포대 제조업,2018-07-31,
(주)부성,도기수,054-931-1406,성주군 용암면 상언리 산 63번지,화학섬유직물 직조업,2018-07-31,
(주)삼부테크,변태수,054-932-2116,성주군 초전면 주천로 353-22,비금속원료 재생업,2018-07-31,
(주)삼화산업,최응수,054-931-6224,성주군 월항면 장산리 877번지,가공 및 재생 플라스틱원료 생산업,2018-07-31,
(주)삼보섬유,김용문,054-931-0696,성주군 성주읍 삼산3길 25-7,화학섬유직물 직조업,2018-07-31,
(주)삼보공영,차문수,054-932-4286,성주군 월항면 유월리 981-1번지,금속 조립구조재 제조업,2018-07-31,
(주)삼정특수고무,유화순,054-931-4765,성주군 용암면 기산3길 11,산업용 비경화고무제품 제조업,2018-07-31,
(주)삼일포장,최명근,054-931-3157,성주군 선남면 선노로 588,골판지 및 골판지상자 제조업,2018-07-31,
(주)상록농산,김영두,054-933-6218,성주군 수륜면 신정3길 2,기타 비료 및 질소화합물 제조업,2018-07-31,
(주)서림,김기필,054-933-6600,성주군 선남면 문방공단길 150,화학섬유직물 직조업,2018-07-31,
(주)새한테크,최상민,054-933-3303,성주군 대가면 용흥리 896번지,"금속 문, 창, 셔터 및 관련제품 제조업",2018-07-31,
(주)성원화이바,김은진,054-932-8607,성주군 초전면 칠선리 110번지,합성섬유 제조업,2018-07-31,
(주)상신산업,우종수,054-933-8954,성주군 용암면 용정공단길 20,비금속광물 분쇄물 생산업 외 1 종,2018-07-31,
(주)선진,이창원,054-931-2295,성주군 대가면 도남리 662번지,금속압형제품 제조업,2018-07-31,
(주)성우,장상석,054-931-9132,성주군 선남면 선노로 276-4,그외 기타 플라스틱 제품 제조업,2018-07-31,
(주)상산기계,김광식,054-716-0033,성주군 선남면 동암리 524-2번지,산업용 로봇 제조업,2018-07-31,
(주)서인산업,모정숙,054-931-0993,성주군 용암면 덕평로 98,"플라스틱 선, 봉, 관 및 호스 제조업",2018-07-31,
(주)성산후레쉬,윤근식,,성주군 성주읍 용대로 69,가금류 가공 및 저장 처리업,2018-07-31,
(주)성문케미칼,임영 외 1인,02-877-7200,성주군 초전면 주천로 1427,구조용 정형내화제품 제조업,2018-07-31,
(주)성진산업,박연화,054-933-6693,성주군 선남면 용신리 902,금속 조립구조재 제조업,2018-07-31,
(주)세명,임성일,054-931-9022,성주군 선남면 관용로 497,합성수지 및 기타 플라스틱물질 제조업,2018-07-31,
(주)세원콘크리트 2공장,박용택,054-933-0686,성주군 선남면 나선로 1002-13,"콘크리트 타일, 기와, 벽돌 및 블록 제조업",2018-07-31,
(주)세화이앤씨,이창희,,성주군 선남면 명관로 337-42,그외 기타 금속가공업,2018-07-31,
(주)세광산업,배효문,054-931-8575,성주군 월항면 유월공단길 39,기타 방적업,2018-07-31,
(주)세원콘크리트,박용택,054-933-0686,성주군 선남면 나선로 1002-13,"콘크리트 타일, 기와, 벽돌 및 블록 제조업",2018-07-31,
(주)성창기공,이호문,054-932-3314,성주군 성주읍 금산리 27-2번지,분사기 및 소화기  제조업 외 1 종,2018-07-31,
(주)세진케미칼,주용범,,성주군 용암면 사곡공단1길 37,가공 및 재생 플라스틱원료 생산업,2018-07-31,
(주)세종산업,박재호,,성주군 선남면 취곡리 266-6번지,구조용 금속판제품 및 금속공작물 제조업,2018-07-31,
(주)소포스,진성우,054-931-9478,성주군 선남면 신부길 81-28,판유리 가공품 제조업,2018-07-31,
(주)수촌임산,여영동,054-931-2257,성주군 벽진면 성주로 2318,천연수지 및 나무화학물질 제조업,2018-07-31,
(주)씨에이피코리아,조치형 곽충보,054-933-0778,성주군 선남면 취곡리 182번지,"플라스틱 선, 봉, 관 및 호스 제조업 외 3 종",2018-07-31,
(주)아이앤씨하이텍,이영자,054-931-7708,성주군 선남면 용신공단길 10-15,도장 및 기타 피막처리업,2018-07-31,
(주)수복,서동환,054-931-3210,성주군 용암면 상언공단길 24-6,연사 및 가공사 제조업,2018-07-31,
(주)신우랜드,이경수,054-932-1509,성주군 용암면 동락2길 54,놀이터용 장비 제조업 외 1 종,2018-07-31,
(주)아성산업,권용학,054-933-7768,성주군 선남면 동암리 410번지,그외 기타 분류안된 섬유제품 제조업,2018-07-31,
(주)솔상스틸,신상욱,053-586-4405,성주군 선남면 도흥리 791-1번지,그외 기타 금속가공업,2018-07-31,
(주)신광하이텍,백남열,054-933-0787,성주군 선남면 용신리 571번지,전자집적회로 제조업,2018-07-31,
(주)승훈,이승훈,054-931-7681,성주군 선남면 관용로 341,기타 방적업,2018-07-31,
(주)씨제이테크,배충재,054-933-8423,성주군 용암면 운용로 959,강관 제조업,2018-07-31,
(주)아이에스전자,정현상,,성주군 선남면 신부리 507-1,기타 절연선 및 케이블 제조업,2018-07-31,
(주)아주공영,이종억,054-931-5486,성주군 용암면 본리리 396-2번지,금속 조립구조재 제조업,2018-07-31,
(주)알찬,노학진,054-931-9876,성주군 초전면 문덕로 147,기타 비료 및 질소화합물 제조업,2018-07-31,
(주)에스아이산업,오미경,054-931-1930,성주군 성주읍 용산리 159번지,금속 조립구조재 제조업,2018-07-31,
(주)아인합섬,박종국,054-933-4341,성주군 초전면 용봉리 384번지,비금속원료 재생업,2018-07-31,
(주)알알이푸드,윤지영,054-931-1130,성주군 초전면 용소길 192-3,장류 제조업,2018-07-31,
(주)에스디,김주현,,성주군 선남면 용신리 898-5 번지,포장용 플라스틱 성형용기 제조업,2018-07-31,
(주)알씨엠,조용식,054-931-0441,성주군 용암면 사곡길 34-8,"콘크리트 타일, 기와, 벽돌 및 블록 제조업",2018-07-31,
(주)아천공업사,한유종,054-931-0495,성주군 초전면 초전공단길 59,판유리 가공품 제조업 외 1 종,2018-07-31,
(주)앞선환경,유경자,054-931-8077,성주군 선남면 선노로 545-37,동물용 사료 및 조제식품 제조업,2018-07-31,
(주)에스아이티,김철원,054-931-8350,성주군 월항면 주산로 540,그외 기타 전자부품 제조업,2018-07-31,
(주)에스엠,이경환,054-931-4713,성주군 선남면 명관로 337-31,"합성염료, 유연제 및 기타착색제 제조업",2018-07-31,
(주)에이치앤티,배휘경,,성주군 벽진면 봉계리 289번지,그외 기타 분류안된 비금속 광물제품 제조업 외 1 종,2018-07-31,
(주)엔피에코텍스,백병욱,054-932-0057,성주군 선남면 선노로 540-41,벽 및 바닥 피복용 플라스틱제품 제조업,2018-07-31,
(주)에스엘다이아몬드,"이주형,박선규",054-931-9083,성주군 선남면 선노로 55-41,분말야금제품 제조업,2018-07-31,
(주)에이엔티,조동석,054-933-7198,성주군 선남면 신부길 6,그외 기타 자동차 부품 제조업,2018-07-31,
(주)에스알,조진형,,성주군 선남면 관화리 776-3번지,그외 기타 플라스틱 제품 제조업,2018-07-31,
(주)에스지테크툴,지만선,054-932-0151,성주군 선남면 명관로 346,톱 및 호환성공구 제조업,2018-07-31,
(주)에이피엠,노충호,054-933-8229,성주군 월항면 장산리 935번지,그외 기타 플라스틱 제품 제조업 외 1 종,2018-07-31,
(주)에스엠테크,이상욱,,성주군 월항면 장산리 454-2번지,가공 및 재생 플라스틱원료 생산업,2018-07-31,
(주)에이치케이이노베이션,김호섭,054-931-3830,성주군 월항면 보암공단길 26-29,연사 및 가공사 제조업,2018-07-31,
(주)엠스코캐스텍,이영식,054-933-9166,성주군 월항면 유월공단길 73,알루미늄주물 주조업,2018-07-31,
(주)영창엘이디,이성일,054-930-2501,성주군 선남면 유서리길 174-12,그외 기타 전자부품 제조업,2018-07-31,
(주)엔에스피앤피,정효정,054-932-0186,성주군 용암면 사곡공단2길 6,"플라스틱 선, 봉, 관 및 호스 제조업 외 1 종",2018-07-31,
(주)엠에스티,정태호,054-933-8551,성주군 선남면 관화리 1062번지,자동차 차체용 부품 제조업 외 1 종,2018-07-31,
(주)영일교구,권재국,054-932-0148,성주군 선남면 선원리 660번지,기타 목재가구 제조업,2018-07-31,
(주)엠에스엘,"정유진,박재형",054-933-7722,성주군 용암면 사곡공단2길 22,그외 기타 자동차 부품 제조업,2018-07-31,
(주)영승조경랜드,곽도훈,,성주군 선남면 선노로 540-9,놀이터용 장비 제조업,2018-07-31,
(주)예안,배건율,054-931-9904,성주군 월항면 세종대왕자태실로 113,기타 건축용 나무제품 제조업 외 10 종,2018-07-31,
(주)영남공업,박노칠,054-933-6071,성주군 선남면 관용로 190-39,기타 구조용 금속제품 제조업,2018-07-31,
(주)영창첨단소재,이승훈,054-931-2568,성주군 선남면 유서리 365-13번지,"플라스틱  적층, 도포 및 기타 표면처리 제품 제조업",2018-07-31,
(주)올림피아,정현숙,053-246-8168,성주군 대가면 용흥3길 21-24,그외 기타 고무제품 제조업,2018-07-31,
(주)용성테크,하창완,,성주군 선남면 명관로 337-122,농업 및 임업용 기계 제조업,2018-07-31,
(주)오피엘,박승진,054-933-0940,성주군 용암면 상언공단길 24-5,플라스틱 발포 성형제품 제조업,2018-07-31,
(주)와이지테크,박성혁,053-583-4031,성주군 선남면 소학리 757-12번지,금속 절삭기계 제조업,2018-07-31,
(주)우진목재,윤근식,054-931-6007,성주군 초전면 대장길 44-6,일반 제재업,2018-07-31,
(주)우주엠에이치티,강경열,,성주군 선남면 취곡리 249-7번지,금속 열처리업,2018-07-31,
(주)윈하이텍,김도한,,성주군 선남면 나선로 987-30,적층 및 표면처리 직물 제조업,2018-07-31,
(주)은성무역 성주공장,강경수,054-931-5273,성주군 선남면 문방공단길 136-17,연사 및 가공사 제조업,2018-07-31,
(주)이래산업,임종택,054-931-9127,성주군 선남면 용신리 643-14번지,"산업용 오븐, 노 및 노용 버너 제조업",2018-07-31,
(주)유진에코텍,김용진,054-930-8901,성주군 선남면 취곡리 330번지,"라이터, 연소물 및 흡연용품 제조업",2018-07-31,
(주)이노켐,최철호,054-933-1422,성주군 용암면 사곡공단2길 18,가공 및 재생 플라스틱원료 생산업,2018-07-31,
(주)유진,문분선,054-931-3112,성주군 월항면 지방리 254-1번지,포장용 플라스틱 성형용기 제조업,2018-07-31,
(주)은일,권태현,053-591-8488,성주군 선남면 도성3길 39-35,절삭가공 및 유사처리업,2018-07-31,
(주)은성텍스,김종일,054-931-4337,성주군 선남면 용신공단길 13,화학섬유직물 직조업,2018-07-31,
(주)이루테크,조현호,,성주군 선남면 취곡리 249-1번지,그외 기타 자동차 부품 제조업,2018-07-31,
(주)이화테크노,김찬수,054-932-5725,성주군 선남면 용신공단길 33,부직포 및 펠트 제조업,2018-07-31,
(주)이파그리드코리아,이승철,054-933-7833,성주군 선남면 선원2길 77,"플라스틱 필름, 시트 및 판 제조업 외 1 종",2018-07-31,
(주)일신에코플라텍,박정규,054-933-5390,성주군 선남면 문방길 363-19,비금속원료 재생업,2018-07-31,
(주)정한그린테크,정은미,054-931-6275,성주군 벽진면 봉흥로 118-40,기타 비료 및 질소화합물 제조업,2018-07-31,
(주)이송이엠씨 성주공장,송준구,054-931-0751,성주군 초전면 주천로 1281,기타 무선 통신장비 제조업 외 2 종,2018-07-31,
(주)정진텍스타일,정덕현,,성주군 선남면 소학리 757-6번지,특수직물 및 기타직물 직조업,2018-07-31,
(주)장현,김재우,054-931-2320,성주군 용암면 용정공단길 40,화학섬유직물 직조업,2018-07-31,
(주)제이에스텍스타일,한성기,,성주군 월항면 보암공단길 29,연사 및 가공사 제조업,2018-07-31,
(주)지호산업,정성태,053-585-4161,성주군 선남면 선노로 727,그외 기타 특수목적용 기계 제조업 외 6 종,2018-07-31,
(주)제이에스엘,조승래,054-931-6631,성주군 선남면 관용로 453-23,"알루미늄 제련, 정련 및 합금 제조업",2018-07-31,
(주)중원페이퍼,이중호,054-931-3120,성주군 선남면 용신리 898-6번지,그외 기타 종이 및 판지 제품 제조업,2018-07-31,
(주)지이엔씨,박귀범,,성주군 대가면 대금로 114,그외 기타 분류안된 비금속 광물제품 제조업,2018-07-31,
(주)제이앤디테크,정기복,,성주군 선남면 신부리 53-14번지,기계장비 조립용 플라스틱제품 제조업 외 2 종,2018-07-31,
(주)중원코리아,최일수,,성주군 용암면 성암로 1154-18,포장용 플라스틱 성형용기 제조업,2018-07-31,
(주)지엠앤에스,이가민,,성주군 선남면 신부리 461-5번지,포장용 플라스틱 성형용기 제조업,2018-07-31,
(주)조은이엔티,박해식,053-556-0055,성주군 선남면 성주로 3758-19,그외 기타 특수목적용 기계 제조업 외 3 종,2018-07-31,
(주)지에이치테크,백동현,054-933-9236,성주군 선남면 취곡리 266-12번지,선박 구성부분품 제조업,2018-07-31,
(주)진광레미콘,권수영,054-933-1388,성주군 용암면 운용로 1447,레미콘 제조업,2018-07-31,
(주)참그린자원,황금희,054-933-0555,성주군 선남면 명관로 337-34,그외 기타 고무제품 제조업,2018-07-31,
(주)천마산업건설,박호근,054-933-5106,성주군 용암면 용계리 683 번지,그외 기타 콘크리트 제품 및 유사제품 제조업 외 1 종,2018-07-31,
(주)진성통상,박중기,054-931-8158,성주군 선남면 나선로 932-38,"고무, 화학섬유 및 플라스틱 성형기 제조업 외 1 종",2018-07-31,
(주)창맥,이민세,054-931-0718,성주군 선남면 도성리 867-2번지,포장용 플라스틱 성형용기 제조업,2018-07-31,
(주)청진기업,배현숙,054-933-0558,성주군 선남면 도성리 산 37-10번지,비금속광물 분쇄물 생산업,2018-07-31,
(주)창대산업,최기영,054-931-3677,성주군 성주읍 대황4길 25,연사 및 가공사 제조업,2018-07-31,
(주)청진이엔씨 본점,"박명진, 박중걸",054-931-2001,성주군 선남면 관용로 190-88,"콘크리트 타일, 기와, 벽돌 및 블록 제조업 외 2 종",2018-07-31,
(주)청진이엔씨,박명진,054-931-9081,성주군 용암면 성암로 1154-22,콘크리트관 및 기타 구조용 콘크리트제품 제조업,2018-07-31,
(주)케이비하이텍,서재호,053-383-5315,성주군 선남면 명관로 413-5,그외 기타 분류안된 금속가공제품 제조업,2018-07-31,
(주)케이엔테크,구복순,054-931-5542,성주군 월항면 유월리 1111번지,그외 기타 분류안된 금속가공제품 제조업,2018-07-31,
(주)청진산업,배현숙,054-933-8011,"성주군 선남면 성주로 4234-32,",토목공사 및 유사용 기계장비 제조업,2018-07-31,
(주)케이비친환경,임휘용,,성주군 금수면 성주로 1941-15,농업 및 임업용 기계 제조업 외 1 종,2018-07-31,
(주)케이에스엠,박금용,054-933-9450,성주군 선남면 관용로 195,철도차량부품 및 관련장치물 제조업,2018-07-31,
(주)케스텍,양인벽,054-931-2707,성주군 선남면 선노로 545-60,선철주물 주조업,2018-07-31,
(주)케이엠씨,김용규,054-931-0578,성주군 선남면 명관로 337-100,배전반 및 전기자동제어반 제조업,2018-07-31,
(주)키이엔지니어링,서  정,062-954-4921,성주군 선남면 용신리 643-14번지,"산업용 오븐, 노 및 노용 버너 제조업",2018-07-31,
(주)크레진,김경웅,054-931-1488,성주군 선남면 문방공단길 107,합성수지 및 기타 플라스틱물질 제조업 외 1 종,2018-07-31,
(주)태일스틸,김성숙,053-614-7373,성주군 선남면 관화리 1055-1번지,금속선 가공제품 제조업,2018-07-31,
(주)코레쉬텍성주공장,안홍태,054-716-1234,성주군 성주읍 성산8길 34-5,차류 가공업,2018-07-31,
(주)페루프,박서정,054-933-9322,성주군 선남면 선원2길 8,구조용 금속판제품 및 금속공작물 제조업,2018-07-31,
(주)태영기업,김진국,054-933-0548,성주군 선남면 용신리 1073-7번지,일반 제재업 외 6 종,2018-07-31,
(주)티앤씨원,권기정,,성주군 용암면 사곡공단2길 28,기타 조명장치 제조업,2018-07-31,
(주)피다텍,장성기,054-933-9772,성주군 선남면 선노로 25,그외 기타 전자부품 제조업,2018-07-31,
(주)태한환경유통,변점하,054-933-0987,성주군 선남면 도성3길 90,기타 비료 및 질소화합물 제조업,2018-07-31,
(주)한국유화,윤필수,,성주군 월항면 장산리 206번지,화장품 제조업 외 1 종,2018-07-31,
(주)한도정밀,이식우,,성주군 선남면 취곡리 249-3번지,자동차부품,2018-07-31,
(주)한성엔지니어링,이종희,054-931-9991,성주군 선남면 문방공단길 136,기타 가공공작기계 제조업,2018-07-31,
(주)한국테크,이종녕,053-592-6066,성주군 선남면 도성리 604-2번지,금속 조립구조재 제조업,2018-07-31,
(주)한림씨앤씨,박혜영,,성주군 용암면 본성로 164,금속 조립구조재 제조업,2018-07-31,
(주)한성이엔지,이권우,054-931-4520,성주군 월항면 주산로 452,그외 기타 일반목적용 기계 제조업,2018-07-31,
(주)한주테크,신월향,,성주군 선남면 도성리 872-7번지,금속 조립구조재 제조업,2018-07-31,
(주)현대화섬,손상모,054-932-4896,"성주군 월항면 유월공단길 59,",화학섬유직물 직조업,2018-07-31,
(주)화승테크,이재욱,,성주군 용암면 선송리 271 번지,주형 및 금형 제조업,2018-07-31,
(주)한일목재,김상용,054-931-8048,성주군 월항면 주산로 454,기타 건축용 나무제품 제조업 외 1 종,2018-07-31,
(주)햇토비,김영배,,성주군 금수면 후평리 1376번지,기타 비료 및 질소화합물 제조업,2018-07-31,
(주)화산하이텍,박성화,053-526-5577,성주군 선남면 관용로 376-8,기타 가공공작기계 제조업,2018-07-31,
(주)한양에스엔씨,도창길,053-628-6325,성주군 선남면 명관로 337-54,플라스틱 창호 제조업 외 2 종,2018-07-31,
(주)해성기업,양순남,054-931-3412,성주군 용암면 성암로 858,"콘크리트 타일, 기와, 벽돌 및 블록 제조업",2018-07-31,
(주)혜성산업,김재도,054-932-9614,성주군 선남면 관용로 503,연사 및 가공사 제조업 외 1 종,2018-07-31,
(주)화인,윤상억,054-931-6688,성주군 선남면 선노로 540-33,자동차 차체용 부품 제조업,2018-07-31,
(주)황재레미콘,조승래,054-931-6811,성주군 선남면 나선로 1002-13,레미콘 제조업,2018-07-31,
SH케미칼,남승호,,성주군 용암면 용정공단길 30,가공 및 재생 플라스틱원료 생산업,2018-07-31,
LJ인터내셔널,김은철외1명,054-931-1444,성주군 성주읍 성주로 3421,편조제품 제조업,2018-07-31,
(주)화인,윤상억,054-931-6685,성주군 선남면 선노로 540-43,자동차 차체용 부품 제조업,2018-07-31,
(주)효진산업,전영재,,성주군 선남면 유서리길 183-45,금속선 가공제품 제조업 외 1 종,2018-07-31,
KSA폴리머코리아,김종진,,성주군 선남면 도성리 73-7번지,특수직물 및 기타직물 직조업,2018-07-31,
(주)효성산업,박태열,054-932-8377,성주군 용암면 나선로 469,농업 및 임업용 기계 제조업,2018-07-31,
SW테크,전상운,054-933-5734,성주군 선남면 도성리 860-1번지,그외 기타 자동차 부품 제조업,2018-07-31,
건우FMC,김건우,,성주군 선남면 명관로 337-14,그외 기타 분류안된 비금속 광물제품 제조업,2018-07-31,
가곡철강,이성임,,성주군 선남면 명포리 738번지,금속 조립구조재 제조업,2018-07-31,
가천산업사,신용근,054-933-4417,성주군 성주읍 대황길 20,"콘크리트 타일, 기와, 벽돌 및 블록 제조업 외 2 종",2018-07-31,
YH테크,김명숙,,성주군 선남면 신부길 81-30,그외 기타 자동차 부품 제조업 외 1 종,2018-07-31,
가야산종합식품,이은순,054-931-3627,성주군 수륜면 수륜3길 140,전분제품 및 당류 제조업,2018-07-31,
가야맥식품,"권혁석,배호강",054-932-8972,성주군 대가면 옥련3길 47,식물성 유지 제조업,2018-07-31,
경동산업(주),이혜경,054-933-7377,성주군 선남면 유서리길 174-16,금속 조립구조재 제조업,2018-07-31,
경북친환경한돈영농조합법인,최재철,054-933-2955,성주군 성주읍 본성로 811-7,동물용 사료 및 조제식품 제조업,2018-07-31,
경원종합식품,김경훈,054-931-4655,성주군 선남면 도성2길 179,기타 육류 가공 및 저장처리업,2018-07-31,
골든호이스트,김미선,054-931-5690,성주군 월항면 선월로 348-23,컨베이어장치 제조업,2018-07-31,
경북제사,유기춘,054-931-3360,성주군 월항면 유월리 397번지,기타 방적업,2018-07-31,
경원수지,소점숙,054-933-0566,성주군 성주읍 대황1길 7-69,비금속원료 재생업,2018-07-31,
경북산업(주),장성태,,성주군 용암면 용계리 683번지,기타 가공공작기계 제조업 외 1 종,2018-07-31,
경우섬유,남광우,054-931-0585,성주군 월항면 주산로 488,연사 및 가공사 제조업,2018-07-31,
고광메탈,배용상,054-932-5266,성주군 선남면 동암리 531-27번지,금속 열처리업,2018-07-31,
경일워터이엔지(주),황재룡,053-581-5858,성주군 선남면 나선로 932-35,그외 기타 일반목적용 기계 제조업 외 1 종,2018-07-31,
공단수지,김준수,,성주군 선남면 선노로 55-31,그외 기타 플라스틱 제품 제조업,2018-07-31,
국제수지,손춘익,054-931-2528,성주군 용암면 사곡공단1길 15,비금속원료 재생업,2018-07-31,
그린수지,최문수,054-931-5664,성주군 선남면 선노로 371-26,벽 및 바닥 피복용 플라스틱제품 제조업 외 1 종,2018-07-31,
금보종합식품,이순화,054-931-3200,성주군 선남면 나선로 890,곡물 제분업,2018-07-31,
고려정공(주),박태진,054-931-5397,성주군 선남면 선노로 540-29,농업 및 임업용 기계 제조업,2018-07-31,
광진임펙스(주),김정도,053-341-8506,성주군 선남면 선노로 65,연사 및 가공사 제조업,2018-07-31,
그린섬유,정인옥,054-931-8348,성주군 월항면 보암공단길 26-15,연사 및 가공사 제조업,2018-07-31,
광영석재,박종달,054-933-5343,성주군 선남면 성주로 4152-10,기타 석제품 제조업,2018-07-31,
그린산업,양경모,054-931-9017,성주군 월항면 월항로 91-12,가공 및 재생 플라스틱원료 생산업,2018-07-31,
금계상사,류욱하,053-943-3119,성주군 용암면 성암로 1231,기타 비료 및 질소화합물 제조업,2018-07-31,
궁전철강,이용순,054-933-1572,성주군 선남면 명포리 741번지,금속 조립구조재 제조업,2018-07-31,
극동산업,서윤옥,054-932-3266,성주군 월항면 주산로 476-6,기타 구조용 금속제품 제조업,2018-07-31,
금산고려홍삼유통조합,정오영,054-931-5878,성주군 선남면 선원2길 27-3,건강기능식품 제조업,2018-07-31,
금성정미소,이상률,054-933-1001,성주군 성주읍 대황4길 21,곡물 도정업,2018-07-31,
나선케미칼,홍수목,054-933-7806,성주군 선남면 유서리길 174-25,기타 기초유기화학물질 제조업 외 1 종,2018-07-31,
금농비료산업사,전성우,054-933-6418,성주군 선남면 장학1길 10-37,기타 비료 및 질소화합물 제조업,2018-07-31,
금용기계(주),이무철,054-931-6044,성주군 월항면 유월공단길 61,내연기관 제조업,2018-07-31,
금성기계(주),김길곤 외 1,054-933-9197,성주군 선남면 명관로 446-13,"산업용 섬유세척, 염색, 정리 및 가공 기계 제조업",2018-07-31,
금오금속 주식회사,김균철,054-932-3935,성주군 용암면 운용로 1215-20,"알루미늄 제련, 정련 및 합금 제조업",2018-07-31,
금호화스너,박경진,054-931-4365,성주군 선남면 명관로 337-30,금속파스너 및 나사제품 제조업,2018-07-31,
금성폴리머,서중기,,성주군 선남면 취곡리 266-9번지,가공 및 재생 플라스틱원료 생산업,2018-07-31,
금풍세라믹,최승열,054-931-6737,성주군 선남면 선원2길 18,산업용 도자기 제조업,2018-07-31,
남산교구,김문선,053-423-2724,성주군 선남면 도성2길 140,"체조, 육상 및 체력단련용 장비 제조업 외 5 종",2018-07-31,
노연열처리,강성택,,성주군 선남면 취곡리 266-17번지,금속 열처리업,2018-07-31,
뉴테크에너지(주),김일한,053-581-2267,성주군 선남면 취곡리 269-4번지,"적층, 합성 및 특수표면처리 종이 제조업",2018-07-31,
달성섬유,송광기,,성주군 선남면 문방공단길 73,섬유사 및 직물 호부처리업,2018-07-31,
기나텍(주),박기태,,성주군 대가면 대금로 134,그외 기타 분류안된 섬유제품 제조업 외 1 종,2018-07-31,
남성기계산업,안건식,,성주군 월항면 유월공단길 58,기타 물품취급장비 제조업 외 1 종,2018-07-31,
농업회사법인동양주식회사,김상훈,,성주군 초전면 주천로 1427,기타 비료 및 질소화합물 제조업,2018-07-31,
남산산업,전찬욱,054-933-1538,성주군 선남면 나선로 866,연사 및 가공사 제조업,2018-07-31,
농업회사법인(주)참사랑,정정애,,성주군 용암면 덕평리 729번지,장류 제조업,2018-07-31,
녹색자원,이재선,054-931-0844,성주군 성주읍 대황1길 26,비금속원료 재생업,2018-07-31,
다사알미늄공업사,이은구,054-933-2529,성주군 선남면 용신2길 1-1,구조용 금속판제품 및 금속공작물 제조업,2018-07-31,
달구벌산업(주),이은열,,"성주군 선남면 관용로 464,",포장용 플라스틱 성형용기 제조업,2018-07-31,
대경레이스,이경숙,054-933-5325,성주군 선남면 신부리 53-12번지,기타 편조의복 액세서리 제조업,2018-07-31,
대경폴리엔텍,김진우,054-931-8340,성주군 월항면 보암리 722번지,비금속원료 재생업,2018-07-31,
다정텍스,안영자,054-933-1414,성주군 성주읍 성주로 3293-9,연사 및 가공사 제조업,2018-07-31,
대경강업,전병봉,,성주군 선남면 명포1길 24,금속 조립구조재 제조업,2018-07-31,
대경포리,갈대익,,성주군 선남면 유서리 289-1번지,연사 및 가공사 제조업,2018-07-31,
대경연사,권정화,,성주군 용암면 운용로 1086,연사 및 가공사 제조업,2018-07-31,
대동공업(고령대리점),양재복,054-933-9151,성주군 성주읍 성산9길 104,농업 및 임업용 기계 제조업,2018-07-31,
대륙엔지니어링,서순종,054-931-0642,성주군 선남면 선원2길 27-3,음·식료품 및 담배 가공기계 제조업,2018-07-31,
대림산업,김세철,054-931-1509,성주군 선남면 유서리길 174-21,"플라스틱 선, 봉, 관 및 호스 제조업",2018-07-31,
대구.경북염소축산협동조합,정기웅,054-931-6348,성주군 초전면 초전공단길 36,기타 육류 가공 및 저장처리업,2018-07-31,
대동씨엔씨,전상홍,054-931-4370,성주군 선남면 선노로 55,계면활성제 제조업,2018-07-31,
대림방부목,장호식,054-931-4412,성주군 성주읍 성주로 2851-27,"목재 보존, 방부처리, 도장 및 유사 처리업 외 1 종",2018-07-31,
대교기와,김점열,054-933-4499,성주군 선남면 도성2길 142-13,"콘크리트 타일, 기와, 벽돌 및 블록 제조업",2018-07-31,
대동부직포농자재산업사,오태돈,054-931-6254,성주군 선남면 선월로 24,부직포 및 펠트 제조업,2018-07-31,
대림ENG,이근석,,성주군 성주읍 성주로 3419,부직포 및 펠트 제조업,2018-07-31,
대륜산업,서주덕,054-931-6027,성주군 선남면 성원2길 35,그외 기타 플라스틱 제품 제조업,2018-07-31,
대림이앤티,신대일,,성주군 월항면 유월2길 40-15,액체 여과기 제조업,2018-07-31,
대서환경(주),김경혜,054-931-8907,성주군 용암면 동락2길 138-23,비금속광물 분쇄물 생산업,2018-07-31,
대서산업,강일규,054-931-8907,성주군 용암면 동락2길 138-23,그외 기타 자동차 부품 제조업,2018-07-31,
대성우드(주),송상목,054-933-2775,성주군 선남면 신부길 152,강화 및 재생 목재 제조업 외 1 종,2018-07-31,
대양석재,김창엽,054-976-5335,성주군 초전면 주천로 1336,건설용 석제품 제조업,2018-07-31,
대림제재소,장병만,054-933-2217,성주군 성주읍 용대로 29,일반 제재업,2018-07-31,
대성샷시,강각수,,성주군 선남면 성주로 3498-19,플라스틱 창호 제조업,2018-07-31,
대양공업사,강기대,054-931-7783,성주군 선남면 선원리 산 21-47번지,금속 조립구조재 제조업,2018-07-31,
대성산업,고화식,,성주군 초전면 초전공단길 28,포장용 플라스틱 성형용기 제조업,2018-07-31,
대신산업,엄대운,,성주군 선남면 명관로 337-30,플라스틱 창호 제조업,2018-07-31,
대송폴리에스텔,전경숙,054-933-2827,성주군 용암면 사곡공단1길 54,비금속원료 재생업,2018-07-31,
대원산업,박송원,,성주군 선남면 신부리 98번지,그외 기타 1차 철강 제조업,2018-07-31,
대원케미칼(주),류경선,054-932-5400,성주군 선남면 선노로 630,기타 편조의복 액세서리 제조업,2018-07-31,
대윤합섬(주)제2공장,조성관,054-933-8030,성주군 용암면 용정공단길 3,연사 및 가공사 제조업,2018-07-31,
대영판넬강재,이창희,,성주군 선남면 명관로 446-7,기타 구조용 금속제품 제조업,2018-07-31,
대원스프링(주),박경락,054-931-9698,성주군 월항면 유월공단길 69,그외 기타 자동차 부품 제조업,2018-07-31,
대윤합섬(주),조성관,054-933-8030,성주군 용암면 용정공단길 11,견직물 직조업,2018-07-31,
대영소방기술(주),권성호,053-954-2596,성주군 선남면 문방2길 11-36,강관 제조업,2018-07-31,
대원스텐판금,김학경,054-931-3601,성주군 선남면 도성2길 235,절삭가공 및 유사처리업,2018-07-31,
대유정공(주),김재혁,054-931-5388,성주군 성주읍 주천로 248-39,그외 기타 자동차 부품 제조업,2018-07-31,
대유정공,이종언,054-933-6424,성주군 선남면 취곡리 228번지,그외 기타 금속가공업,2018-07-31,
대일수지,이상식,054-933-9513,성주군 월항면 대산2길 22-52,비금속원료 재생업,2018-07-31,
대호산업사,김점숙,054-931-8994,성주군 선남면 도성1길 107-22,농업 및 임업용 기계 제조업,2018-07-31,
대진섬유,구정기,054-931-6245,성주군 선남면 도성2길 95,화학섬유직물 직조업,2018-07-31,
대일목재공예(주),이창숙,054-931-1777,성주군 대가면 참별로 1912,표면가공목재 및 특정 목적용 제재목 제조업,2018-07-31,
대현산업,김성현,054-931-0622,성주군 선남면 도성1길 76,비금속원료 재생업,2018-07-31,
대일판지,강종규,054-933-0399,성주군 용암면 동락2길 44,크라프트지 및 상자용 판지 제조업,2018-07-31,
대한산업,이성근,054-931-6778,성주군 선남면 나선로 843,"박판, 합판 및 유사적층판 제조업",2018-07-31,
대흥농자재산업,김진수,054-931-8516,성주군 벽진면 문덕로 7,부직포 및 펠트 제조업,2018-07-31,
덕우금속,송옥순,054-933-5088,성주군 선남면 나선로 1002-29,기타 물품취급장비 제조업 외 1 종,2018-07-31,
도흥봉제,노명환,054-931-1450,성주군 선남면 선노로 274,침구 및 관련제품 제조업,2018-07-31,
동락산업,강일규,054-931-8907,성주군 용암면 동락리 산 50-1번지,콘크리트관 및 기타 구조용 콘크리트제품 제조업,2018-07-31,
더불어식품,이순기,054-933-9282,성주군 선남면 선노로 75,천연 및 혼합조제 조미료 제조업,2018-07-31,
도현금속공업,김점순,054-931-4311,성주군 선남면 선노로 691,선철주물 주조업 외 2 종,2018-07-31,
대흥수지,김정희,,성주군 용암면 상언공단길 29,비금속원료 재생업,2018-07-31,
도영텍스,정술효,054-933-4666,성주군 선남면 선노로 151,화학섬유직물 직조업,2018-07-31,
동구정밀공업사,지달근,,성주군 선남면 관화리 511번지,농업 및 임업용 기계 제조업,2018-07-31,
도언산업(주),이정현,054-931-1386,성주군 선남면 관용로 190-42,기계장비 조립용 플라스틱제품 제조업,2018-07-31,
동광섬유,김귀옥,054-931-5519,성주군 용암면 덕평로 74,연사 및 가공사 제조업,2018-07-31,
동락섬유,강일규,054-931-8908,성주군 용암면 동락리 332-3번지,연사 및 가공사 제조업,2018-07-31,
동방기계공업(주) 김천지점,나경욱,054-931-3880,성주군 선남면 선노로 622,금속원료 재생업,2018-07-31,
동성케미칼,배철균,,성주군 월항면 유월공단길 63,계면활성제 제조업,2018-07-31,
동아산업,정삼조,054-933-7705,성주군 월항면 대산리 557-1번지,연사 및 가공사 제조업,2018-07-31,
동국철망공업사,김형문,054-932-7464,성주군 선남면 소학리 1037번지,금속선 가공제품 제조업,2018-07-31,
동성산업사,김수돌,,성주군 선남면 명포리 14-1번지,어망 및 기타 끈가공품 제조업,2018-07-31,
동문산업,김동환,,성주군 선남면 취곡리 265번지,플라스틱 창호 제조업,2018-07-31,
동서세륜기,최은준,054-933-8183,성주군 선남면 나선로 863,토목공사 및 유사용 기계장비 제조업,2018-07-31,
동신텍스,장성학,054-931-2166,성주군 선남면 용신공단길 19,연사 및 가공사 제조업,2018-07-31,
동아산업사,주해남,054-933-7590,성주군 월항면 주산로 466-7,플라스틱 발포 성형제품 제조업,2018-07-31,
동양산업,손익칠,054-933-1980,성주군 선남면 신부리 225-1번지,목재 깔판류 및 기타 적재판 제조업,2018-07-31,
동일,이건동,054-931-8865,성주군 월항면 유월공단길 52,비금속원료 재생업,2018-07-31,
두인디자인,안경찬,054-931-0369,성주군 선남면 문방길 25-11,간판 및 광고물 제조업 외 1 종,2018-07-31,
동심기업,정인호,054-932-9767,성주군 선남면 소학리 1027번지,기계장비 조립용 플라스틱제품 제조업,2018-07-31,
동양농기계성주대리점,임현수,,성주군 성주읍 주산로 131,농업 및 임업용 기계 제조업,2018-07-31,
동원섬유,최환석,054-933-8084,성주군 선남면 용신공단길 10-11,연사 및 가공사 제조업,2018-07-31,
동양기계,백인현,054-933-5826,성주군 선남면 선원2길 65,기타 가공공작기계 제조업,2018-07-31,
동재통상(주),류기효,054-932-9921,성주군 선남면 문방공단길 169,화학섬유직물 직조업,2018-07-31,
동오철강,석원호,,성주군 선남면 명포1길 16,금속 조립구조재 제조업,2018-07-31,
동일수지,이건동,,성주군 월항면 유월2길 40-14,가공 및 재생 플라스틱원료 생산업 외 1 종,2018-07-31,
디에스캐스트,전영미,,성주군 선남면 도성리 858-1번지,기타 조명장치 제조업,2018-07-31,
디케이씨,노준희,,성주군 선남면 문방리 1336번지,운송장비용 조명장치 제조업,2018-07-31,
만년부직포,이기도,054-932-9101,성주군 월항면 유월1길 15,부직포 및 펠트 제조업,2018-07-31,
명성,최위호,054-931-3577,성주군 선남면 관화5길 122,세폭직물 제조업,2018-07-31,
동협전자,김순득,054-931-2101,성주군 선남면 용신공단길 33,철도차량부품 및 관련장치물 제조업,2018-07-31,
디지글로벌,김대근,054-933-8188,성주군 선남면 취곡리 266-16번지,그외 기타 자동차 부품 제조업,2018-07-31,
마이스터(주),변학성,,성주군 선남면 명관로 337-115,그외 기타 특수목적용 기계 제조업,2018-07-31,
라인아트,이상조,,성주군 선남면 동암리 804-4번지,"플라스틱  적층, 도포 및 기타 표면처리 제품 제조업",2018-07-31,
매일화학,신사균,054-932-1820,성주군 선남면 나선로 929,포장용 플라스틱 성형용기 제조업,2018-07-31,
라이포,여영근,,성주군 벽진면 수촌길 13-9,동물용 사료 및 조제식품 제조업,2018-07-31,
만농기계,최영훈,,성주군 선남면 신부리 305-2번지,농업 및 임업용 기계 제조업,2018-07-31,
명신섬유,김대원,054-933-7455,성주군 용암면 운산길 1,연사 및 가공사 제조업,2018-07-31,
모노웰피앤피,이원형,054-933-6288,성주군 초전면 동포로3길 83,특수직물 및 기타직물 직조업,2018-07-31,
바론산업(주),백미선,053-552-6900,성주군 월항면 유월리 395-2번지,금속 조립구조재 제조업,2018-07-31,
명문산업,장도현,054-931-2301,성주군 선남면 선원2길 14-3,도장 및 기타 피막처리업,2018-07-31,
명종강업,김치호,054-933-4961,성주군 성주읍 대황1길 69-7,금속 조립구조재 제조업,2018-07-31,
무진엔지니어링,곽병석,,성주군 선남면 명관로 446-9,기타 구조용 금속제품 제조업,2018-07-31,
무경섬유,김천곤,054-931-0378,성주군 월항면 보암공단길 26-27,연사 및 가공사 제조업,2018-07-31,
미래철강,이숙희,054-933-1572,성주군 선남면 명포1길 16,금속 조립구조재 제조업,2018-07-31,
문화메주,김은철,,성주군 대가면 참별로 2140,장류 제조업,2018-07-31,
백승플라스틱,박정흠,054-933-0878,성주군 선남면 선원리 326번지,비금속원료 재생업,2018-07-31,
벽산테크(주)성주공장,이재혁,054-931-5482,성주군 선남면 관용로 678,금속 조립구조재 제조업,2018-07-31,
보국모터,김옥조,054-931-6140,성주군 선남면 선원리 산 21-23번지,전동기 및 발전기 제조업,2018-07-31,
복만네식품,권복만,053-628-7476,성주군 선남면 유서리길 174-22,기타 곡물가공품 제조업 외 4 종,2018-07-31,
벽산산업사,박정호,054-931-7200,성주군 선남면 나선로 953,일반철물 제조업,2018-07-31,
보광BKP,이호기,054-931-6618,성주군 선남면 선원리 326번지,비금속원료 재생업,2018-07-31,
백운도요,이경석,054-931-5225,성주군 가천면 법전리 89번지,가정용 및 장식용 도자기 제조업,2018-07-31,
벽진통합도정공장,우명환,054-931-0564,성주군 벽진면 벽봉로 34,곡물 도정업,2018-07-31,
보승텍스피아,유인철,,성주군 선남면 문방공단길 136-7,연사 및 가공사 제조업,2018-07-31,
벽진농업협동조합공동퇴비제조공장,조합장,054-932-7191,성주군 벽진면 성주로 2344-4,기타 비료 및 질소화합물 제조업,2018-07-31,
보성종합목재,정희준,,성주군 월항면 보암리 718,목재 깔판류 및 기타 적재판 제조업 외 1 종,2018-07-31,
부경산업,김유경,054-931-7285,성주군 선남면 성주로 4150,"플라스틱 포대, 봉투 및 유사제품 제조업",2018-07-31,
부일농산(유동식품),도두록,054-933-5102,성주군 성주읍 성산리 산 34-1번지,과실 및 채소 절임식품 제조업 외 1 종,2018-07-31,
사보우드산업,하영윤,054-932-5755,성주군 선남면 나선로 987-30,기타 건축용 나무제품 제조업,2018-07-31,
보운철강공업(주),윤승용,054-931-4090,성주군 선남면 명포1길 32-24,비금속원료 재생업,2018-07-31,
부림산업,김정자,054-931-2178,성주군 선남면 관화5길 54-98,도장 및 기타 피막처리업,2018-07-31,
부광섬유,신영심,054-933-1437,성주군 선남면 용신공단길 10-22,연사 및 가공사 제조업,2018-07-31,
부창텍스타일,라우균,054-933-6512,성주군 선남면 용신공단길 5-16,연사 및 가공사 제조업,2018-07-31,
사회복지법인 특수미래재단 성주공장,이길선,055-329-0522,성주군 용암면 덕평로 98,"플라스틱 선, 봉, 관 및 호스 제조업 외 1 종",2018-07-31,
삼성RS에너지,홍순관,,성주군 용암면 사곡리 848-16번지,합성수지재생원료,2018-07-31,
삼진식품,김상욱,054-933-4560,성주군 용암면 용정공단길 31,전분제품 및 당류 제조업 외 1 종,2018-07-31,
삼보공영,차문수,054-932-4286,성주군 월항면 주산로 476-8,금속 조립구조재 제조업,2018-07-31,
삼아산업,함원주,,성주군 선남면 취곡리 186번지,농약 제조업,2018-07-31,
삼정목재,피홍배,054-933-6435,성주군 용암면 상성로 486,강화 및 재생 목재 제조업,2018-07-31,
삼일엔텍,안기선,,성주군 선남면 도성2길 75,산업처리공정 제어장비 제조업,2018-07-31,
삼진자원,조팔수,054-933-7470,성주군 월항면 유월리 922-2번지,비금속원료 재생업,2018-07-31,
상동수지공업사,이형달,054-932-0819,성주군 선남면 도성2길 87,비금속원료 재생업,2018-07-31,
서진이엔지,김영이,054-931-9759,성주군 용암면 본리리 6번지,기타 구조용 금속제품 제조업,2018-07-31,
삼정비철,피성희,054-933-6436,성주군 용암면 대봉리 21번지,금속원료 재생업,2018-07-31,
상지섬유,신동환,,성주군 선남면 선노로 74-11,견직물 직조업,2018-07-31,
삼천리산업,추명종,054-931-0645,성주군 용암면 사곡리 991번지,비금속원료 재생업,2018-07-31,
상원텍스타일,류기자,,성주군 용암면 덕평로 104,연사 및 가공사 제조업,2018-07-31,
서정테크,정정관,054-933-8513,성주군 선남면 선노로 34,자동차 차체용 부품 제조업,2018-07-31,
상우스틸,이해숙,,성주군 선남면 문방1길 102,금속 조립구조재 제조업,2018-07-31,
서린상사 주식회사 성주사업소,"장재만,곽재요,김재선",054-931-1300,성주군 선남면 관용로 479,"라이터, 연소물 및 흡연용품 제조업 외 1 종",2018-07-31,
서진플랜트(주),최석철,054-931-0854,성주군 선남면 선노로 540-12,금속 조립구조재 제조업,2018-07-31,
성림산업,조성환,053-592-0466,성주군 선남면 명포1길 24-11,금속 조립구조재 제조업,2018-07-31,
서진산업개발,김창래,054-932-0482,"성주군 용암면 본성로 130,",기타 구조용 금속제품 제조업,2018-07-31,
석화에너지(주),석옥득,054-933-1319,성주군 용암면 선송리 42번지,중앙난방보일러 및 방열기 제조업 외 1 종,2018-07-31,
성림금속,배정남,054-933-8301,성주군 선남면 관화5길 54-93,표면가공목재 및 특정 목적용 제재목 제조업,2018-07-31,
석도건업,정은경,,성주군 선남면 신부리 59-2번지,금속 조립구조재 제조업,2018-07-31,
성도건업,이점순,,성주군 선남면 명포리 745-2,금속 조립구조재 제조업,2018-07-31,
성산석물공장,도광록,054-932-1152,성주군 성주읍 성주로 3389,기타 석제품 제조업,2018-07-31,
선테크,김영황,054-933-0992,성주군 선남면 취곡리 268-4번지,주형 및 금형 제조업,2018-07-31,
성보공영,금선교,,성주군 선남면 신부리 518-2번지,금속 조립구조재 제조업,2018-07-31,
성신산업사,김옥배,,성주군 선남면 도성3길 39-31,어망 및 기타 끈가공품 제조업,2018-07-31,
성우공업,장상석,,성주군 선남면 도흥리 461번지 389-8,그외 기타 플라스틱 제품 제조업,2018-07-31,
성일테크,곽동성,,성주군 선남면 도성3길 121,절삭가공 및 유사처리업,2018-07-31,
성산수지,정순조,054-931-7925,성주군 선남면 소학리 1076번지,그외 기타 고무제품 제조업,2018-07-31,
성암오토 주식회사,김진수,054-930-8600,성주군 용암면 운용로 871,그외 기타 자동차 부품 제조업,2018-07-31,
성일분체,서상욱,054-932-6865,성주군 선남면 도성3길 39-35,도장 및 기타 피막처리업,2018-07-31,
성안기업(주),전동재,,성주군 용암면 사곡공단1길 23,비금속원료 재생업,2018-07-31,
성원산업,김은진,054-931-8607,성주군 벽진면 문덕로 114,비금속원료 재생업,2018-07-31,
성제특수플라스틱,강택환,054-931-6302,성주군 선남면 나선로 888,플라스틱 발포 성형제품 제조업,2018-07-31,
성일플라텍,허규철,054-931-9910,성주군 선남면 명관로 337-62,포장용 플라스틱 성형용기 제조업,2018-07-31,
성주식품,"박경석, 오귀남",054-933-1928,성주군 선남면 나선로 806,곡물 제분업,2018-07-31,
세광산업(주),손재호,,성주군 선남면 소학리 1129-2번지,도장 및 기타 피막처리업,2018-07-31,
세우산업,김해용,054-933-9225,성주군 선남면 명관로 337-29,접착제 및 젤라틴 제조업,2018-07-31,
성주,김항곤,054-930-6661,성주군 대가면 옥성4길 1,복합비료 제조업,2018-07-31,
성주참외원예농업협동조합,도기정,054-933-4700,성주군 성주읍 경산길 18,"플라스틱 필름, 시트 및 판 제조업",2018-07-31,
세광금속(주),조용구,054-933-1950,성주군 선남면 선노로 498,금속파스너 및 나사제품 제조업,2018-07-31,
성주정미소,성주미곡영농조합이우식,054-933-1002,성주군 성주읍 대황4길 21,음·식료품 및 담배 가공기계 제조업,2018-07-31,
세명섬유,황태육,,성주군 선남면 취곡리 266-22번지,연사 및 가공사 제조업,2018-07-31,
성진테크,배기웅,,성주군 월항면 유월2길 74-18,그외 기타 금속가공업,2018-07-31,
세광연마,우명환,054-933-2345,성주군 선남면 유서리길 87-12,그외 기타 자동차 부품 제조업,2018-07-31,
세정산업,심성희,054-931-0656,성주군 용암면 덕평로 86,기계부품,2018-07-31,
송죽글러브(주),정선희,054-932-8872,성주군 선남면 용신공단길 10-20,기타 편조의복 액세서리 제조업,2018-07-31,
수향케미칼,박혜정,,성주군 선남면 소학리 814번지,그외 기타 분류안된 화학제품 제조업,2018-07-31,
세봉산업,장세우,054-933-6612,성주군 용암면 용정공단길 9,목재문 및 관련제품 제조업,2018-07-31,
세일건업(주),우성엽,054-933-8955,성주군 용암면 용정리 366번지,아스콘 제조업,2018-07-31,
세향섬유,정재락,,성주군 용암면 용정리 379-1번지,연사 및 가공사 제조업,2018-07-31,
세일개발(주),우종수,054-933-8954,성주군 용암면 용정공단길 20,레미콘 제조업,2018-07-31,
세중중공업(주),전헌태,054-931-5801,성주군 선남면 동암리 774 번지,기타 가공공작기계 제조업,2018-07-31,
수륜농업협동조합,박현수,054-932-3191,성주군 수륜면 적송리 50번지,곡물 도정업 외 2 종,2018-07-31,
세종섬유,박명숙,054-933-6030,성주군 선남면 용신공단길 10-26,연사 및 가공사 제조업,2018-07-31,
송죽글러브(주)2공장,정선희,054-932-8872,성주군 선남면 용신공단길 21,기타 편조의복 액세서리 제조업,2018-07-31,
시민목재,신경애,054-933-4788,성주군 선남면 성주로 3566,일반 제재업 외 1 종,2018-07-31,
시온전기,전갑숙,054-931-2227,성주군 초전면 주천로 1194,"전기회로 개폐, 보호 및 접속 장치 제조업",2018-07-31,
신사공예,서상현,,성주군 선남면 도성1길 107-11,주방용 및 음식점용 목재가구 제조업,2018-07-31,
수미담,도용구,054-931-6464,성주군 성주읍 성산2길 95-33,전분제품 및 당류 제조업,2018-07-31,
시온산업,강민성,054-933-3350,성주군 초전면 용소길 14-13,가공 및 재생 플라스틱원료 생산업,2018-07-31,
신동양화학,권기록,054-933-5181,성주군 용암면 사곡공단2길 38,석회 및 플라스터 제조업,2018-07-31,
시민목재 제2공장,신경애,054-933-4788,성주군 선남면 성주로 3566-12,일반 제재업 외 4 종,2018-07-31,
신동양화학,권기록,054-933-5182,성주군 선남면 선노로 571,석회 및 플라스터 제조업,2018-07-31,
신성산업사,최정수,,성주군 선남면 용신리 73-1번지,기타 구조용 금속제품 제조업,2018-07-31,
신대양산업,백인아,054-931-9151,성주군 선남면 나선로 854,화학섬유 방적업,2018-07-31,
신성포장(주),심재영,054-931-4191,성주군 선남면 선노로 545-50,골판지 및 골판지상자 제조업,2018-07-31,
신아FA,문병균,053-592-5961,성주군 선남면 신부길 81-26,그외 기타 특수목적용 기계 제조업,2018-07-31,
신원섬유(주),이구휘,054-933-2519,성주군 선남면 문방공단길 136-10,연사 및 가공사 제조업,2018-07-31,
신일테크,김종일,,성주군 선남면 선노로 85,포장용 플라스틱 성형용기 제조업,2018-07-31,
신성아이돌,김명희,054-933-9750,성주군 선남면 성주로 4133,기타 발전기 및 전기변환장치 제조업,2018-07-31,
신승화섬공업(주),이선영,054-931-4747,성주군 선남면 용신공단길 23,연사 및 가공사 제조업,2018-07-31,
신원섬유,이구휘,054-933-2519,성주군 선남면 문방공단길 164,기타 방적업,2018-07-31,
신솔식품,박미숙,,성주군 수륜면 참별로 1009,장류 제조업 외 1 종,2018-07-31,
신우프라스틱,석호영,,성주군 선남면 신부길 152-8,포장용 플라스틱 성형용기 제조업,2018-07-31,
신영(미래)가구제작소,김  성,054-931-4638,성주군 용암면 운산길 5,장식용 목제품 제조업,2018-07-31,
신원텍스,노일하,,성주군 선남면 선노로 425,연사 및 가공사 제조업,2018-07-31,
신진콘크리트,박영권,054-933-3657,성주군 성주읍 주천로 37,"콘크리트 타일, 기와, 벽돌 및 블록 제조업",2018-07-31,
신화섬유공업(주),이상식,054-931-7801,성주군 선남면 용신공단길 10-27,연사 및 가공사 제조업,2018-07-31,
씨에스글로벌(주),진충한,,성주군 선남면 문방길 25-28,금속 조립구조재 제조업,2018-07-31,
신일산업,김정태,054-931-2537,성주군 선남면 나선로 944,비금속원료 재생업,2018-07-31,
신한스틸파이프(주),이성화,054-933-2004,성주군 성주읍 대황1길 44,강관 제조업,2018-07-31,
씨에스,오성용,,성주군 선남면 취곡리 265-1번지,그외 기타 자동차 부품 제조업,2018-07-31,
신유성화학,장재국,054-931-2435,성주군 초전면 용봉리 304번지,비금속원료 재생업,2018-07-31,
신창섬유,이상칠,054-933-2711,성주군 선남면 용신공단길 10-25,연사 및 가공사 제조업,2018-07-31,
심산도예,김종훈,054-932-6309,성주군 가천면 법전리 1004번지,가정용 및 장식용 도자기 제조업,2018-07-31,
신흥천막종합상사,김명겸,054-931-2901,성주군 선남면 성주로 3752,천막 및 기타캔버스 제품 제조업,2018-07-31,
씨제이텍스,손정숙,,성주군 선남면 도성리 산 63번지,연사 및 가공사 제조업,2018-07-31,
앤트테크,조동석,054-933-7198,성주군 선남면 성주로 3757-17,그외 기타 자동차 부품 제조업,2018-07-31,
에이제이네트웍스(주),"반채운, 홍성관",,성주군 월항면 유월리 150-2번지,목재 깔판류 및 기타 적재판 제조업,2018-07-31,
아송산업,박정희,,성주군 선남면 동암리 532번지,연사 및 가공사 제조업,2018-07-31,
안트,이종훈,054-931-3075,성주군 선남면 용신공단길 22,기타 직물제품 제조업 외 1 종,2018-07-31,
에스지텍,서인호,054-933-9754,성주군 선남면 유서리 252-2번지,연사 및 가공사 제조업,2018-07-31,
아세아MCT,이근식,054-932-7973,성주군 선남면 문방리 898 번지,농업 및 임업용 기계 제조업 외 1 종,2018-07-31,
아진텍스,손호준,054-933-6732,성주군 월항면 보암공단길 25,연사 및 가공사 제조업,2018-07-31,
에스지테크(주),김태훈,,성주군 용암면 용정리 135-10번지,스크린 인쇄업,2018-07-31,
아진무역(주),이완우,053-584-7544,성주군 용암면 사곡공단2길 34,화학섬유직물 직조업,2018-07-31,
에프엠텍,표숙연,054-933-7865,성주군 선남면 선노로 361,액체 여과기 제조업 외 3 종,2018-07-31,
엘엠시(LMC),추현숙,054-933-0906,성주군 선남면 선노로 737,구조용 금속판제품 및 금속공작물 제조업 외 1 종,2018-07-31,
영남엘이디(주),이계숙,,성주군 선남면 도흥길 22,일반용 전기 조명장치 제조업,2018-07-31,
에코텍,김경숙,054-932-5511,성주군 선남면 문방공단길 83,비금속원료 재생업,2018-07-31,
엘라스,서치식,053-246-8168,성주군 대가면 용흥리 885-2번지,구조용 금속판제품 및 금속공작물 제조업,2018-07-31,
영남수조,최진기,054-933-0681,성주군 월항면 대산2길 22-98,설치용 금속탱크 및 저장용기 제조업 외 1 종,2018-07-31,
에코노바,이선호,,성주군 선남면 도성리 86-10번지,액체 여과기 제조업 외 4 종,2018-07-31,
영남기계,이숙희,,성주군 선남면 도성리 73-3번지,농업 및 임업용 기계 제조업,2018-07-31,
엔앤시글라스텍(주),김호권,054-932-7600,성주군 월항면 유월리 138-2번지,강화유리제조,2018-07-31,
영광목공,이상철.김근용,054-931-3410,성주군 용암면 운용로 1407,일반 제재업 외 1 종,2018-07-31,
영엔프라,심용태,054-931-5887,성주군 초전면 주천로 306,그외 기타 플라스틱 제품 제조업,2018-07-31,
영준석재,김경배,054-931-1840,성주군 수륜면 참별로 107-28,건설용 석제품 제조업,2018-07-31,
영창케미칼(주) 제1공장,이성일,054-930-2500,성주군 선남면 유서리길 174-12,계면활성제 제조업 외 1 종,2018-07-31,
예가포장,김연숙,054-933-1300,성주군 용암면 사곡공단1길 11,골판지 및 골판지상자 제조업,2018-07-31,
영종테크,박종욱,,성주군 선남면 도성리 483번지,금속 조립구조재 제조업,2018-07-31,
영창섬유,송진식,054-933-6300,성주군 선남면 용신공단길 11,연사 및 가공사 제조업,2018-07-31,
영창테크,홍기철,054-931-8083,"성주군 선남면 명관로 337-74,",그외 기타 자동차 부품 제조업,2018-07-31,
영재금속,김헌숙,,성주군 성주읍 학산길 23,"알루미늄 압연, 압출 및 연신제품 제조업",2018-07-31,
영진토목,이영암,054-931-4950,성주군 선남면 성주로 4234-31,콘크리트관 및 기타 구조용 콘크리트제품 제조업,2018-07-31,
영창케미칼(주) 제2공장,이성일,054-931-2568,성주군 선남면 유서리길 174-12,계면활성제 제조업,2018-07-31,
예광트랜스,최윤희,,성주군 용암면 용정공단길 39,적층 및 표면처리 직물 제조업,2018-07-31,
오복산업,이석현,054-931-8061,성주군 용암면 용정공단길 19,부직포 및 펠트 제조업,2018-07-31,
오양부직포,박용순,054-933-5988,성주군 선남면 선노로 123,부직포 및 펠트 제조업,2018-07-31,
용산산업,이선재,054-932-3842,성주군 선남면 나선로 1002-31,비금속원료 재생업,2018-07-31,
예준스포츠산업,김민주,054-933-8713,성주군 용암면 문명1길 22-39,놀이터용 장비,2018-07-31,
오양글러브,전계상,054-931-6885,성주군 성주읍 상성로 1380,그외 기타 의복액세서리 제조업,2018-07-31,
와이아이부직포,"김경화,여권택",054-933-7040,성주군 수륜면 참별로 851,커튼 및 유사제품 제조업,2018-07-31,
예스산업개발(주),김부식,054-931-7904,성주군 선남면 오도리 511번지,금속 조립구조재 제조업,2018-07-31,
오션폴리머(주),정채규,054-931-5808,성주군 초전면 주천로 353-14,가공 및 재생 플라스틱원료 생산업,2018-07-31,
온누리환경산업,오해종,054-931-5002,성주군 성주읍 대황길 127,부직포 및 펠트 제조업,2018-07-31,
오성정밀,조규호,054-931-9598,성주군 선남면 명관로 413-19,그외 기타 자동차 부품 제조업,2018-07-31,
오케이산업,정희철,054-931-7623,성주군 월항면 지방리 266-2번지,콘크리트관 및 기타 구조용 콘크리트제품 제조업,2018-07-31,
용신길팅,유정희,054-931-9355,성주군 선남면 용신1길 67,침구 및 관련제품 제조업,2018-07-31,
용신섬유산업,유정희,054-931-9355,성주군 선남면 용신1길 74,연사 및 가공사 제조업,2018-07-31,
우경섬유,박추남,054-933-8180,성주군 월항면 보암공단길 20,연사 및 가공사 제조업,2018-07-31,
우석ENG,이원수,054-932-2477,성주군 선남면 관화리 513-4번지,기계장비 조립용 플라스틱제품 제조업,2018-07-31,
용신산업,김수환,,성주군 선남면 용신1길 62,비금속원료 재생업,2018-07-31,
용현산업,정용선,054-933-0169,"성주군 선남면 소학리 1076번지 1076-1,1077-2",그외 기타 분류안된 섬유제품 제조업 외 1 종,2018-07-31,
용신길팅 제2공장,유정희,,성주군 선남면 용신1길 69,침구 및 관련제품 제조업,2018-07-31,
용암수지,박영정,,성주군 용암면 용정리 383번지,가공 및 재생 플라스틱원료 생산업,2018-07-31,
우리산업,박치근,054-932-2221,성주군 선남면 도성리 470번지,그외 기타 자동차 부품 제조업,2018-07-31,
용신영농조합법인,최재철,054-931-4380,성주군 선남면 용신리 1345 번지,기타 비료 및 질소화합물 제조업,2018-07-31,
우리밀농산,정한길,054-931-5787,성주군 가천면 용사3길 23,장류 제조업,2018-07-31,
우성에코텍,김민우,,"성주군 초전면 문덕로 249-13,","콘크리트 타일, 기와, 벽돌 및 블록 제조업",2018-07-31,
우주목조,배우진,,성주군 벽진면 수촌리 270번지,기타 건축용 나무제품 제조업,2018-07-31,
우리산업,박치근,,성주군 선남면 관화리 513-2번지,자동차 엔진용 부품 제조업,2018-07-31,
우일텍스,김영환,,성주군 선남면 오도리 54-5번지,연사 및 가공사 제조업,2018-07-31,
우성전자,박용규,,성주군 성주읍 성산리 1225-1번지,포장용 플라스틱 성형용기 제조업,2018-07-31,
우진텍스,박찬동,054-933-8389,성주군 월항면 선월로 428-6,연사 및 가공사 제조업,2018-07-31,
우수코퍼,윤석현,,성주군 선남면 명관로 337-16,금속 주조 및 기타 야금용 기계 제조업,2018-07-31,
우진연사,이창호,,성주군 선남면 관용로 261-11,연사 및 가공사 제조업,2018-07-31,
원진E&P,김병혁,054-933-9411,성주군 선남면 신부길 152-9,기타 가공공작기계 제조업,2018-07-31,
유니온수지,오정옥,,성주군 월항면 문방공단길 48-18,비금속원료 재생업,2018-07-31,
유월테크,김명순,054-933-2581,성주군 월항면 유월공단길 79,그외 기타 자동차 부품 제조업,2018-07-31,
유호코리아,임형수,054-933-1649,성주군 용암면 사곡길 78,화장품 제조업,2018-07-31,
운산직물,길창호,054-932-0917,성주군 용암면 운용로 1307-16,"플라스틱 필름, 시트 및 판 제조업",2018-07-31,
윈프로FA,김동진,053-584-5908,성주군 선남면 명관로 337-24,산업용 로봇 제조업,2018-07-31,
유원텍스,유도열,054-931-1652,성주군 선남면 문방공단길 150-3,연사 및 가공사 제조업,2018-07-31,
윈럭스,하재현,,성주군 선남면 취곡리 266-4번지,커튼 및 유사제품 제조업,2018-07-31,
유성정미소,배인환,054-933-3208,성주군 성주읍 봉흥로 664,곡물 도정업,2018-07-31,
유동산업,도형록,054-933-5102,성주군 성주읍 성산9길 70-19,"식초, 발효 및 화학 조미료 제조업 외 1 종",2018-07-31,
유일소재,강병하,,성주군 용암면 덕평리 1104-104번지,화학섬유 방적업,2018-07-31,
은성테크,전명식,054-931-4336,성주군 월항면 중포길 116,승강기 제조업,2018-07-31,
이목공예사,이용직,054-932-7533,성주군 대가면 흥산리 513번지,주방용 및 음식점용 목재가구 제조업,2018-07-31,
일광직물,조용호,054-932-1520,성주군 선남면 도성3길 34,견직물 직조업,2018-07-31,
유한회사 성주수지,한인수,,성주군 대가면 참별로 2152,그외 기타 고무제품 제조업,2018-07-31,
은성섬유,강삼용,,성주군 선남면 유서리1길 1,연사 및 가공사 제조업,2018-07-31,
의성포장,김진한,054-931-5526,성주군 선남면 관용로 491,골판지 및 골판지상자 제조업,2018-07-31,
은진건업,조언래,,성주군 선남면 신부길 81-38,금속 조립구조재 제조업,2018-07-31,
이즈산업,김수호,054-931-4722,성주군 용암면 운용로 1215-10,기타 구조용 금속제품 제조업 외 1 종,2018-07-31,
은진건업,조언래,,성주군 선남면 신부리 59-1번지,금속 조립구조재 제조업,2018-07-31,
이안프라,남중희,054-933-5432,성주군 선남면 용신리 643번지,포장용 플라스틱 성형용기 제조업,2018-07-31,
일성고분자산업,김형락,054-932-4956,성주군 월항면 대산2길 22-59,접착제 및 젤라틴 제조업,2018-07-31,
일성테크,정성일,,성주군 선남면 소학리 1050 번지,기타 가공공작기계 제조업,2018-07-31,
전국철강,장준성,,성주군 선남면 명포1길 16,금속 조립구조재 제조업,2018-07-31,
정오테크,백원필,,성주군 선남면 선노로 55-27,"알루미늄 압연, 압출 및 연신제품 제조업",2018-07-31,
인베스트세라텍(주),안동환,054-933-9013,성주군 초전면 용봉리 308번지,기타 일반 도자기 제조업 외 1 종,2018-07-31,
일성산업,장원석,,성주군 선남면 취곡리 256번지,"산업용 오븐, 노 및 노용 버너 제조업",2018-07-31,
재훈섬유,이동희,054-931-4251,성주군 선남면 선노로 545-27,화학섬유직물 직조업,2018-07-31,
일성보일러산업,금중일,054-931-7546,성주군 선남면 나선로 1002-26,중앙난방보일러 및 방열기 제조업 외 2 종,2018-07-31,
재욱강업(주),조여근,054-933-9461,성주군 선남면 문방공단길 129-50,금속 조립구조재 제조업 외 1 종,2018-07-31,
정안철강(주),정영출,053-719-5912,성주군 대가면 참별로 2274,강관 제조업,2018-07-31,
일해섬유,김정희,054-931-5252,성주군 월항면 보암공단길 26-1,연사 및 가공사 제조업,2018-07-31,
전보산업(주),윤경오,054-932-8091,성주군 선남면 문방공단길 129-38,어망 및 기타 끈가공품 제조업,2018-07-31,
정인철강,안종태,054-931-8153,성주군 용암면 사곡길 59-8,기타 구조용 금속제품 제조업,2018-07-31,
제일산업,박찬수,054-933-4050,"성주군 선남면 나선로 966,  639",부직포 및 펠트 제조업,2018-07-31,
주성산업,이진희,,성주군 초전면 주천로 1342,비금속원료 재생업,2018-07-31,
정엔지니어링,정중식,,성주군 선남면 도성리 871-1번지,그외 기타 플라스틱 제품 제조업,2018-07-31,
제이원,이중호,,성주군 선남면 용신공단길 16,목재 깔판류 및 기타 적재판 제조업,2018-07-31,
정웅이엔지,은희권,054-931-1889,성주군 선남면 나선로 868,그외 기타 자동차 부품 제조업,2018-07-31,
조은산업,심유순,054-931-2130,성주군 선남면 도성2길 129,비 및 솔 제조업,2018-07-31,
정일금은사,김영길,053-616-2922,성주군 용암면 상언공단길 34,연사 및 가공사 제조업,2018-07-31,
제일섬유,박명근,,성주군 선남면 도성2길 79,연사 및 가공사 제조업,2018-07-31,
주성산업,"권태희,권계선",054-931-1557,"성주군 용암면 운용로 1090,",기타 직물제품 제조업,2018-07-31,
주식회사 대경산업개발,고주환,054-931-5391,성주군 선남면 도성2길 60,금속 조립구조재 제조업,2018-07-31,
주식회사 미래로,강병하,,성주군 월항면 유월리 177번지,"카펫, 마루덮개 및 유사제품 제조업",2018-07-31,
주식회사 세현,정연우,054-933-4408,성주군 초전면 봉정길 45-6,편조원단 제조업,2018-07-31,
종합도색산업,윤석재,054-932-8146,성주군 선남면 나선로 1002-11,도장 및 기타 피막처리업,2018-07-31,
주식회사 덕산 M&C,권태성,054-931-1072,성주군 초전면 주천로 1247,콘크리트관 및 기타 구조용 콘크리트제품 제조업,2018-07-31,
주식회사 금실,오승아,054-931-4998,성주군 성주읍 주천로 248-53,연사 및 가공사 제조업,2018-07-31,
주식회사 대종,김상득,054-931-4506,성주군 용암면 상언공단길 5,금속 조립구조재 제조업 외 1 종,2018-07-31,
주식회사 대명테크놀,류정기,054-933-1164,성주군 성주읍 성산리 176-8,농업 및 임업용 기계 제조업,2018-07-31,
주식회사 삼성이앤지,맹성일,054-933-6202,성주군 월항면 중포길 108-4,농업 및 임업용 기계 제조업,2018-07-31,
주식회사 에스에이치 (SH),한세욱,054-933-7696,성주군 월항면 유월공단길 60,농업 및 임업용 기계 제조업,2018-07-31,
주식회사 일신,신용황,053-650-6155,성주군 선남면 문방길 25-29,금속 조립구조재 제조업,2018-07-31,
주식회사 한양에코텍,최창식,054-931-4777,성주군 선남면 나선로 900,커튼 및 유사제품 제조업,2018-07-31,
주식회사 선농,김영환,,성주군 선남면 성주로 3478-27,농업 및 임업용 기계 제조업,2018-07-31,
주식회사 씨앤지,이현석,053-621-0161,성주군 용암면 운용로 949,기타 비료 및 질소화합물 제조업,2018-07-31,
주식회사 새한산업개발,김진아,054-933-8568,성주군 선남면 선노로 582-4,비금속원료 재생업 외 2 종,2018-07-31,
주식회사 신원금속,양명심,054-931-3081,성주군 선남면 문방공단길 124,"알루미늄 압연, 압출 및 연신제품 제조업",2018-07-31,
주식회사 원테크,윤광주,054-931-8161,성주군 선남면 선노로 604-12,커튼 및 유사제품 제조업,2018-07-31,
주식회사 우경씨앤에스,권오범,054-933-5250,성주군 선남면 명관로 446-13,그외 기타 일반목적용 기계 제조업,2018-07-31,
주식회사 제원,이명조,,성주군 용암면 기산리 166-6번지,"카펫, 마루덮개 및 유사제품 제조업",2018-07-31,
주식회사 한주,한창복,054-933-1811,성주군 선남면 도성리 602-8번지,금속파스너 및 나사제품 제조업,2018-07-31,
주은프라콘,김인섭,054-933-7663,성주군 월항면 중포길 114,그외 기타 플라스틱 제품 제조업,2018-07-31,
지에스케이,김점석,054-931-1613,성주군 선남면 선원1길 4,특수직물 및 기타직물 직조업,2018-07-31,
진성,김성규,054-933-7801,성주군 선남면 도성2길 27-14,"금속 문, 창, 셔터 및 관련제품 제조업",2018-07-31,
주식회사 이엠지전선,김승호,054-931-2611,성주군 월항면 유월공단길 15-34,기타 절연선 및 케이블 제조업,2018-07-31,
주식회사 포에스텍,이재영,054-932-4556,성주군 선남면 선원2길 77,"플라스틱 필름, 시트 및 판 제조업 외 1 종",2018-07-31,
주식회사 켐피아바이오,송현숙,054-931-6777,성주군 벽진면 성주로 2344-10,기타 비료 및 질소화합물 제조업,2018-07-31,
주식회사삼에스벤처물산,여상수,054-931-2235,성주군 선남면 도성리 1099 번지,기타 비알콜음료 제조업,2018-07-31,
준경테크,오병석,,성주군 선남면 명관로 337-91,그외 기타 자동차 부품 제조업,2018-07-31,
지지(주),장종호,054-931-3664,성주군 용암면 운용로 1478-23,금속 스프링 제조업,2018-07-31,
진엔프라,전광희,054-931-1485,성주군 선남면 용신리 542번지,합성수지 및 기타 플라스틱물질 제조업,2018-07-31,
진영텍스(주),정주영,054-933-2519,성주군 선남면 문방공단길 136-10,견직물 직조업 외 1 종,2018-07-31,
진일산업,배문환,054-931-2288,성주군 성주읍 주천로 271,부직포 및 펠트 제조업,2018-07-31,
창성산업,김성기,,성주군 용암면 본리리 19-8번지,금속 조립구조재 제조업,2018-07-31,
진산창호건설,김정곤,,성주군선남면  관화리 43-2,플라스틱 창호 제조업,2018-07-31,
진영테크,최정애,,성주군 선남면 선노로 55-24,자동차 엔진용 부품 제조업,2018-07-31,
진광,이갑수,054-933-1348,성주군 용암면 성암로 1086-4,비금속광물 분쇄물 생산업,2018-07-31,
진영글로벌 주식회사,김동식,054-933-8431,성주군 선남면 성주로 3498-24,절연 코드세트 및 기타 도체 제조업,2018-07-31,
진우섬유,박희근,054-931-9591,성주군 선남면 나선로 985,화학섬유직물 직조업,2018-07-31,
진우상사,박득헌,,성주군 선남면 유서리길 174-17,연사 및 가공사 제조업,2018-07-31,
진흥실사켐버스,이숙란,054-931-0069,성주군 선남면 취곡1길 7-8,천막 및 기타캔버스 제품 제조업,2018-07-31,
청양원,이상훈,,성주군 월항면 죽관길 55,장류 제조업,2018-07-31,
초전관광(주),정삼암,054-931-1344,성주군 초전면 용봉리 167-5번지,토목공사 및 유사용 기계장비 제조업,2018-07-31,
케이제이알로이(주),김찬영,054-933-7260,성주군 선남면 취곡리 1,분말야금제품 제조업,2018-07-31,
진원개발,지장원,,성주군 용암면 상언공단길 33,금속 조립구조재 제조업,2018-07-31,
창대산업,이 찬 영,,성주군 월항면 보암리 726-2번지,부직포 및 펠트 제조업,2018-07-31,
청록냉동냉장식품,박금자,054-933-6778,성주군 월항면 선월로 422,기타 과실·채소 가공 및 저장처리업,2018-07-31,
참별산업,정덕기,,성주군 성주읍 용산리 1001-2번지,"카펫, 마루덮개 및 유사제품 제조업",2018-07-31,
창천두부,권중호,054-932-1547,성주군 가천면 가천로 101-9,두부 및 유사식품 제조업,2018-07-31,
청운에스엔티,류승호,,성주군 선남면 선노로 55-25,금속 조립구조재 제조업,2018-07-31,
창원테크,우순자,054-931-9411,성주군 용암면 사곡공단1길 38,"산업용 섬유세척, 염색, 정리 및 가공 기계 제조업",2018-07-31,
청우산업,정우철,054-933-7927,성주군 선남면 오도리 285-1번지,플라스틱 발포 성형제품 제조업 외 1 종,2018-07-31,
초전종합농기계,김동수,054-932-8009,성주군 초전면 대장길 174,농업 및 임업용 기계 제조업,2018-07-31,
크린코리아,이위용,054-933-4692,성주군 월항면 대산2길 22-49,비금속원료 재생업,2018-07-31,
태성미래텍,노점순,054-932-2002,성주군 월항면 선월로 352,침구 및 관련제품 제조업 외 2 종,2018-07-31,
케이와이컴파니,임병용,054-932-0935,성주군 선남면 성주로 3757-13,기타 가공공작기계 제조업,2018-07-31,
크린스타생활산업,강동균,,성주군 용암면 용계리 680번지,표면광택제 및 실내가향제 제조업,2018-07-31,
취운향당,윤병인,054-933-6371,성주군 선남면 도성3길 106,표면광택제 및 실내가향제 제조업,2018-07-31,
큐피콤상사,김창열,054-931-4130,성주군 가천면 포천계곡로 255,기타 종이 및 판지 제조업,2018-07-31,
태산BMI,이상일,054-932-7763,성주군 초전면 칠선리 681번지,유압기기 제조업 외 1 종,2018-07-31,
케이제이알로이(주) 제2공장,김찬영,,성주군 선남면 명관로 337-13,분말야금제품 제조업,2018-07-31,
태명약업사,손원배,054-931-6322,성주군 초전면 용봉리 57-4번지,그외 기타 분류안된 섬유제품 제조업,2018-07-31,
태성선재,한상일,,성주군 선남면 명관로 337-10,금속선 가공제품 제조업,2018-07-31,
태우기계,진민식,,성주군 선남면 신부길 180,기타 가공공작기계 제조업,2018-07-31,
태화산업사,김종근,,성주군 월항면 대산2길 22-114,플라스틱 발포 성형제품 제조업,2018-07-31,
평창섬유,최병준,054-931-6240,성주군 선남면 선노로 604-16,연사 및 가공사 제조업,2018-07-31,
태산산업,예순옥,053-583-9676,성주군 벽진면 문덕로 58-6,부직포 및 펠트 제조업,2018-07-31,
태수산업,이영태,054-933-7511,성주군 선남면 유서리길 174-16,자동차 차체용 부품 제조업,2018-07-31,
태영섬유,송두순,,성주군 선남면 선노로 74-9,화학섬유직물 직조업,2018-07-31,
태성피엔텍,곽구대,,성주군 선남면 선노로 13,포장용 플라스틱 성형용기 제조업,2018-07-31,
태화금속,박태환,,성주군 용암면 운산길 29,알루미늄주물 주조업,2018-07-31,
태영기계,권영도,053-585-0141,성주군 선남면 취곡리 266-7번지,음·식료품 및 담배 가공기계 제조업,2018-07-31,
태창공업(주) 성주지점,여두용,054-933-2345,성주군 선남면 유서리길 87-12,그외 기타 자동차 부품 제조업,2018-07-31,
태흥STEEL,이홍원,053-581-6652,성주군 선남면 선노로 55-23,그외 기타 자동차 부품 제조업,2018-07-31,
포스무역(주),김종극,054-933-8820,성주군 선남면 문방공단길 136-10,화학섬유직물 직조업,2018-07-31,
하나섬유,박충길,054-931-3454,성주군 초전면 용봉리 384번지,연사 및 가공사 제조업,2018-07-31,
하심양초,배성원,,성주군 금수면 성주로 1941-20,"라이터, 연소물 및 흡연용품 제조업",2018-07-31,
태화보일러,전은석,,성주군 선남면 선노로 691,중앙난방보일러 및 방열기 제조업,2018-07-31,
펫트 하이텍,강병하,054-933-4102,성주군 월항면 유월공단길 36,부직포 및 펠트 제조업,2018-07-31,
평화텍스,"김동휘,오병천",054-933-4180,성주군 선남면 명관로 337-22,연사 및 가공사 제조업,2018-07-31,
투투텍스타일,김경영,,성주군 선남면 명관로 337-12,기타 편조의복 액세서리 제조업,2018-07-31,
평화농기계,최영필,054-933-6266,성주군 성주읍 성산9길 87,농업 및 임업용 기계 제조업,2018-07-31,
하나공예,박현락,,성주군 용암면 성암로 931,수동식 식품 가공기기 및 금속주방용기 제조업,2018-07-31,
평창정경,전우형,054-931-6240,성주군 선남면 용신공단길 26,연사 및 가공사 제조업,2018-07-31,
프로틴코리아,김나연,054-933-6661,성주군 선남면 도성2길 78,그외 기타 식료품 제조업,2018-07-31,
한국이기산업,이광현,054-931-2366,성주군 용암면 본리리 325번지,자동차 차체용 부품 제조업,2018-07-31,
한국포장산업,장세주,,성주군 선남면 소학리 568-2번지,"플라스틱 필름, 시트 및 판 제조업 외 1 종",2018-07-31,
한양산업(주),김삼열,054-931-0505,성주군 대가면 참별로 1983,합성수지 및 기타 플라스틱물질 제조업 외 1 종,2018-07-31,
하나금속,이정만,054-931-5329,성주군 선남면 관용로 467,금속원료 재생업,2018-07-31,
하늘담은 통나무,김대규,,성주군 선남면 명포1길 46,기타 건축용 나무제품 제조업,2018-07-31,
한국산재장애인협회(주),신동현,054-931-8228,성주군 용암면 성암로 858,"콘크리트 타일, 기와, 벽돌 및 블록 제조업",2018-07-31,
한국산업사,염성욱,,성주군 선남면 취곡리 268-5번지,자동차용 전기장치 제조업,2018-07-31,
한국타미나(주),임영철,054-931-6831,성주군 용암면 운용로 1090,기타 직물제품 제조업,2018-07-31,
한국도시개발(주),표명성,,성주군 선남면 관화1길 21-56,플라스틱 창호 제조업,2018-07-31,
한국정밀유리,"김덕재, 이상용",054-932-1290,성주군 선남면 도성리 78 번지,판유리 가공품 제조업,2018-07-31,
한림로덱스(주)성주공장,맹흥호,054-933-6541,성주군 용암면 성암로 855,"콘크리트 타일, 기와, 벽돌 및 블록 제조업 외 1 종",2018-07-31,
한진식품,조영희,,성주군 월항면 대산리 149번지,과실 및 채소 절임식품 제조업,2018-07-31,
헵시바산업,김혜경,054-931-4753,성주군 용암면 용정리 62-7 번지,구조용 금속판제품 및 금속공작물 제조업 외 10 종,2018-07-31,
현대카바링,송규태,054-933-4721,성주군 용암면 상언공단길 25-6,연사 및 가공사 제조업,2018-07-31,
한백산업,남채호,,성주군 선남면 신부길 8-10,특수직물 및 기타직물 직조업,2018-07-31,
한영팩킹(주),김지운,054-931-4867,성주군 초전면 용봉리 56-5번지,골판지 및 골판지상자 제조업,2018-07-31,
한양섬유,최창식,054-931-4777,성주군 선남면 선원리 450-1번지,커튼 및 유사제품 제조업,2018-07-31,
합자회사 아남섬유,김남용,054-932-3344,성주군 선남면 성원2길 21,스타킹 및 기타양말 제조업,2018-07-31,
현동프라스틱,박승훈,054-933-7175,성주군 선남면 선노로 20,그외 기타 플라스틱 제품 제조업,2018-07-31,
화성폴리머,김영성,,성주군 용암면 사곡공단1길 53,가공 및 재생 플라스틱원료 생산업,2018-07-31,
한일산업,김영일,054-931-5693,성주군 선남면 선원2길 43,그외 기타 자동차 부품 제조업,2018-07-31,
해평산업,구영희,,성주군 선남면 선원2길 13,연사 및 가공사 제조업,2018-07-31,
현대산업,김수태,054-931-1525,성주군 수륜면 계정4길 7-3,"플라스틱 필름, 시트 및 판 제조업 외 1 종",2018-07-31,
해안산업,최병국,,성주군 선남면 명관로 446-33,기타 구조용 금속제품 제조업,2018-07-31,
현대산업,서승우,054-932-3880,성주군 선남면 도성1길 78,비금속원료 재생업,2018-07-31,
현대산업,김분란,,성주군 선남면 관화1길 21-43,금속 조립구조재 제조업,2018-07-31,
현대테크,박숙자,,성주군 선남면 도성리 796-4,포장용 플라스틱 성형용기 제조업,2018-07-31,
현성플라스틱,박수용,054-931-8233,성주군 선남면 선노로 582-17,그외 기타 플라스틱 제품 제조업,2018-07-31,
효성산업,박태열,054-932-8377,성주군 대가면 참별로 2274,농업 및 임업용 기계 제조업,2018-07-31,
흰그루식품,양시혁,054-932-9882,성주군 금수면 어은1길 25-29,장류 제조업,2018-07-31,
현텍스,박군호,054-933-5142,성주군 선남면 나선로 882,화학섬유직물 직조업,2018-07-31,
화남산업,도재화,054-931-9966,성주군 대가면 도남2길 21,부직포 및 펠트 제조업,2018-07-31,
현진폴리머,김향연,,성주군 선남면 선월로 29,가공 및 재생 플라스틱원료 생산업,2018-07-31,
호식이푸드,김병훈,,성주군 선남면 용신리 1407번지,그외 기타 식료품 제조업,2018-07-31,
황금 ENG,정찬기,,성주군 선남면 문방1길 61-11,포장용 플라스틱 성형용기 제조업,2018-07-31,
호명건설,배복용,054-277-1064,성주군 선남면 명포1길 16,금속 조립구조재 제조업,2018-07-31,
화신코어,김상현,,성주군 용암면 선송리 163-1번지,주형 및 금형 제조업,2018-07-31,
효명테크(주),이효환,054-931-9948,성주군 선남면 선노로 540-12,그외 기타 자동차 부품 제조업,2018-07-31,
희성섬유,신명옥,,성주군 선남면 도성리 73-1번지,연사 및 가공사 제조업,2018-07-31,
흥일산업,유일흥,053-584-3272,성주군 용암면 사곡길 190,표면가공목재 및 특정 목적용 제재목 제조업,2018-07-31,
